Hospital Name,Hospital CCN,Affiliated Health System,Location (City/Metro),State,Region,CBSA,Participant Type,Newly Identified,TEAM Rank by CJR,CJR Top 50,CJR Quality Composite,CJR Overall Rank (of 307),Outreach Status,System # of Sites,Pipeline Status,Sales Stage,Leadership Buy In,ACV - Track 1,ACV - Track 2,Est. TCV,Health System Impact,Contact Name,Contact Email,Contact Title,Contact Phone,Next Steps,Contact 2 Name,Contact 2 Email,Contact 3 Name,Contact 3 Email,Contact 4 Name,Contact 4 Email,Contact 5 Name,Contact 5 Email,Contact 6 Name,Contact 6 Email,Contact 7 Name,Contact 7 Email
UF HEALTH JACKSONVILLE,100001,,Jacksonville,FL,South,27260,Mandatory,N,109,No,86,109,No,,Cold,Intro,,,,"$1,071,600",,,,,,,,,,,,,,,,,,,,
ADVENTHEALTH NEW SMYRNA BEACH,100014,AdventHealth,Deltona-Daytona Beach-Ormond Beach,FL,South,19660,Mandatory,N,198,No,75,198,No,,Prospecting,Intro,,,,"$436,200",,,,,,,,,,,,,,,,,,,,
HALIFAX HEALTH MEDICAL CENTER,100017,,Deltona-Daytona Beach-Ormond Beach,FL,South,19660,Mandatory,N,474,No,41,474,Yes,,LOI,SOW Review,,,,"$1,439,400",,,,,,,,,,,,,,,,,,,,
ASCENSION SACRED HEART BAY,100026,Ascension,Panama City-Panama City Beach,FL,South,37460,Mandatory,N,356,No,56,356,Yes,,Demo,Pilot,,,,"$619,200",,,,,,,,,,,,,,,,,,,,
ASCENSION ST VINCENT'S RIVERSIDE,100040,Ascension,Jacksonville,FL,South,27260,Mandatory,N,296,No,63,296,Partial,,Prospecting,Discovery,,,,"$894,600",,,,,,,,,,,,,,,,,,,,
ADVENTHEALTH DELAND,100045,AdventHealth,Deltona-Daytona Beach-Ormond Beach,FL,South,19660,Mandatory,N,182,No,77,182,Partial,,Prospecting,Intro,,,,"$495,600",,,,,,,,,,,,,,,,,,,,
WINTER HAVEN HOSPITAL,100052,,Lakeland-Winter Haven,FL,South,29460,Mandatory,N,314,No,61,314,No,,Demo,Pilot,,,,"$1,179,000",,,,,,,,,,,,,,,,,,,,
HCA FLORIDA TWIN CITIES HOSPITAL,100054,HCA Healthcare,Crestview-Fort Walton Beach-Destin,FL,South,18880,Mandatory,N,48,Yes,94,48,Yes,,Cold,Research,,,,"$237,000",,,,,,,,,,,,,,,,,,,,
ADVENTHEALTH DAYTONA BEACH,100068,AdventHealth,Deltona-Daytona Beach-Ormond Beach,FL,South,19660,Mandatory,N,44,Yes,95,44,Yes,,Cold,Research,,,,"$714,000",,,,,,,,,,,,,,,,,,,,
ADVENTHEALTH FISH MEMORIAL,100072,AdventHealth,Deltona-Daytona Beach-Ormond Beach,FL,South,19660,Mandatory,N,28,Yes,97,28,Yes,,Cold,Research,,,,"$575,400",,,,,,,,,,,,,,,,,,,,
ADVENTHEALTH PORT CHARLOTTE,100077,AdventHealth,Punta Gorda,FL,South,39460,Mandatory,N,616,No,23,616,Yes,,Active,Live,,,,"$1,057,200",,,,,,,,,,,,,,,,,,,,
BAPTIST MEDICAL CENTER JACKSONVILLE,100088,,Jacksonville,FL,South,27260,Mandatory,N,81,No,90,81,Partial,,Cold,Research,,,,"$2,005,800",,,,,,,,,,,,,,,,,,,,
FLAGLER HOSPITAL,100090,,Jacksonville,FL,South,27260,Mandatory,N,399,No,50,399,Partial,,Demo,Pilot,,,,"$963,000",,,,,,,,,,,,,,,,,,,,
ADVENTHEALTH LAKE WALES,100099,AdventHealth,Lakeland-Winter Haven,FL,South,29460,Mandatory,N,519,No,35,519,Partial,,LOI,Contract,,,,"$692,400",,,,,,,,,,,,,,,,,,,,
BAPTIST MEDICAL CENTER - BEACHES,100117,,Jacksonville,FL,South,27260,Mandatory,N,213,No,73,213,No,,Prospecting,Discovery,,,,"$483,000",,,,,,,,,,,,,,,,,,,,
ADVENTHEALTH PALM COAST,100118,AdventHealth,Deltona-Daytona Beach-Ormond Beach,FL,South,19660,Mandatory,N,51,No,94,51,Partial,,Cold,Research,,,,"$298,200",,,,,,,,,,,,,,,,,,,,
BARTOW REGIONAL MEDICAL CENTER,100121,,Lakeland-Winter Haven,FL,South,29460,Mandatory,N,499,No,38,499,Partial,,LOI,SOW Review,,,,"$489,600",,,,,,,,,,,,,,,,,,,,
NORTH OKALOOSA MEDICAL CENTER,100122,,Crestview-Fort Walton Beach-Destin,FL,South,18880,Mandatory,N,416,No,48,416,No,,Demo,SOW Review,,,,"$558,000",,,,,,,,,,,,,,,,,,,,
MORTON PLANT HOSPITAL,100127,,Tampa-St. Petersburg-Clearwater,FL,South,45300,Mandatory,N,121,No,85,121,No,,Cold,Intro,,,,"$1,264,200",,,,,,,,,,,,,,,,,,,,
ED FRASER MEMORIAL HOSPITAL,100134,,Jacksonville,FL,South,27260,Mandatory,N,597,No,25,597,Yes,,LOI,Contract,,,,"$637,800",,,,,,,,,,,,,,,,,,,,
ADVENTHEALTH HEART OF FLORIDA,100137,AdventHealth,Lakeland-Winter Haven,FL,South,29460,Mandatory,N,349,No,56,349,Yes,,Demo,Pilot,,,,"$723,600",,,,,,,,,,,,,,,,,,,,
BAPTIST MEDICAL CENTER - NASSAU,100140,,Jacksonville,FL,South,27260,Mandatory,N,128,No,84,128,No,,Cold,Intro,,,,"$337,200",,,,,,,,,,,,,,,,,,,,
LOWER KEYS MEDICAL CENTER,100150,,Key West-Key Largo,FL,South,99910,Mandatory,N,135,No,83,135,Yes,,Cold,Intro,,,,"$418,200",,,,,,,,,,,,,,,,,,,,
MAYO CLINIC,100151,,Jacksonville,FL,South,27260,Mandatory,N,37,Yes,95,37,Yes,,Cold,Research,,,,"$672,600",,,,,,,,,,,,,,,,,,,,
HCA FLORIDA LAKE CITY HOSPITAL,100156,HCA Healthcare,Lake City,FL,South,99910,Mandatory,N,409,No,49,409,No,,Demo,SOW Review,,,,"$563,400",,,,,,,,,,,,,,,,,,,,
LAKELAND REGIONAL MEDICAL CENTER,100157,,Lakeland-Winter Haven,FL,South,29460,Mandatory,N,640,No,20,640,No,,Active,Live,,,,"$1,975,200",,,,,,,,,,,,,,,,,,,,
DESOTO MEMORIAL HOSPITAL,100175,,Arcadia,FL,South,99910,Mandatory,N,634,No,21,634,No,,Active,Live,,,,"$568,200",,,,,,,,,,,,,,,,,,,,
HCA FLORIDA MEMORIAL HOSPITAL,100179,HCA Healthcare,Jacksonville,FL,South,27260,Mandatory,N,516,No,36,516,Partial,,LOI,Contract,,,,"$1,131,600",,,,,,,,,,,,,,,,,,,,
HCA FLORIDA FORT WALTON-DESTIN HOSPITAL,100223,HCA Healthcare,Crestview-Fort Walton Beach-Destin,FL,South,18880,Mandatory,N,390,No,51,390,Partial,,Demo,Pilot,,,,"$750,600",,,,,,,,,,,,,,,,,,,,
HCA FLORIDA ORANGE PARK HOSPITAL,100226,HCA Healthcare,Jacksonville,FL,South,27260,Mandatory,N,367,No,54,367,Yes,,Demo,Pilot,,,,"$928,800",,,,,,,,,,,,,,,,,,,,
HCA FLORIDA FAWCETT HOSPITAL,100236,HCA Healthcare,Punta Gorda,FL,South,39460,Mandatory,N,623,No,22,623,Partial,,Active,Live,,,,"$1,019,400",,,,,,,,,,,,,,,,,,,,
HCA FLORIDA GULF COAST HOSPITAL,100242,HCA Healthcare,Panama City-Panama City Beach,FL,South,37460,Mandatory,N,556,No,31,556,No,,LOI,Contract,,,,"$949,800",,,,,,,,,,,,,,,,,,,,
KERALTY HOSPITAL,100284,,Miami-Fort Lauderdale-West Palm Beach,FL,South,33124,Mandatory,N,566,No,29,566,Yes,,LOI,Contract,,,,"$656,400",,,,,,,,,,,,,,,,,,,,
SACRED HEART HOSPITAL ON THE EMERALD COAST,100292,,Crestview-Fort Walton Beach-Destin,FL,South,18880,Mandatory,N,310,No,61,310,No,,Demo,Pilot,,,,"$504,000",,,,,,,,,,,,,,,,,,,,
ASCENSION ST VINCENT'S SOUTHSIDE,100307,Ascension,Jacksonville,FL,South,27260,Mandatory,N,197,No,75,197,No,,Prospecting,Intro,,,,"$654,000",,,,,,,,,,,,,,,,,,,,
ASCENSION ST VINCENT'S CLAY COUNTY,100321,Ascension,Jacksonville,FL,South,27260,Mandatory,N,285,No,64,285,Partial,,Prospecting,Discovery,,,,"$601,200",,,,,,,,,,,,,,,,,,,,
HALIFAX HEALTH /UF HEALTH MEDICAL CENTER OF DELTON,100330,,Deltona-Daytona Beach-Ormond Beach,FL,South,19660,Mandatory,N,718,No,10,718,No,,Active,Live,,,,"$437,400",,,,,,,,,,,,,,,,,,,,
ASCENSION ST VINCENT'S ST JOHNS COUNTY,100361,Ascension,Jacksonville,FL,South,27260,Mandatory,N,163,No,80,163,Yes,,Prospecting,Intro,,,,"$340,800",,,,,,,,,,,,,,,,,,,,
NORTH WALTON DOCTORS HOSPITAL,100365,,Crestview-Fort Walton Beach-Destin,FL,South,,Mandatory,N,695,No,13,695,Partial,,Active,Live,,,,"$720,000",,,,,,,,,,,,,,,,,,,,
HAMILTON MEDICAL CENTER,110001,,Dalton,GA,South,19140,Mandatory,N,322,No,60,322,No,,Demo,Pilot,,,,"$790,200",,,,,,,,,,,,,,,,,,,,
UPSON REGIONAL MEDICAL CENTER,110002,,Thomaston,GA,South,99911,Mandatory,N,626,No,22,626,Partial,,Active,Live,,,,"$745,800",,,,,,,,,,,,,,,,,,,,
PHOEBE PUTNEY MEMORIAL HOSPITAL,110007,,Albany,GA,South,10500,Mandatory,N,457,No,43,457,No,,LOI,SOW Review,,,,"$1,128,000",,,,,,,,,,,,,,,,,,,,
WELLSTAR WEST GEORGIA MEDICAL CENTER,110016,Wellstar Health System,LaGrange,GA,South,99911,Mandatory,N,20,Yes,98,20,Yes,,Cold,Research,,,,"$616,800",,,,,,,,,,,,,,,,,,,,
CANDLER HOSPITAL,110024,,Savannah,GA,South,42340,Mandatory,N,600,No,25,600,Yes,,Active,Live,,,,"$953,400",,,,,,,,,,,,,,,,,,,,
STEPHENS COUNTY HOSPITAL,110032,,Toccoa,GA,South,99911,Mandatory,N,575,No,28,575,Yes,,LOI,Contract,,,,"$552,000",,,,,,,,,,,,,,,,,,,,
MEMORIAL HEALTH UNIVERSITY MEDICAL CENTER,110036,,Savannah,GA,South,42340,Mandatory,N,604,No,25,604,Yes,,Active,Live,,,,"$1,669,200",,,,,,,,,,,,,,,,,,,,
ST JOSEPH'S HOSPITAL - SAVANNAH,110043,,Savannah,GA,South,42340,Mandatory,N,610,No,24,610,Partial,,Active,Live,,,,"$895,800",,,,,,,,,,,,,,,,,,,,
ADVENTHEALTH MURRAY,110050,AdventHealth,Dalton,GA,South,19140,Mandatory,N,5,Yes,99,5,No,,Cold,Research,,,,"$172,200",,,,,,,,,,,,,,,,,,,,
ATRIUM HEALTH FLOYD MEDICAL CENTER,110054,,Rome,GA,South,40660,Mandatory,N,595,No,26,595,Yes,,LOI,Contract,,,,"$888,600",,,,,,,,,,,,,,,,,,,,
"COFFEE REGIONAL MEDICAL CENTER, INC",110089,,Douglas,GA,South,99911,Mandatory,N,382,No,52,382,Yes,,Demo,Pilot,,,,"$507,600",,,,,,,,,,,,,,,,,,,,
WAYNE MEMORIAL HOSPITAL,110124,,Jesup,GA,South,99911,Mandatory,N,434,No,46,434,No,,Demo,SOW Review,,,,"$518,400",,,,,,,,,,,,,,,,,,,,
ADVENTHEALTH REDMOND,110168,AdventHealth,Rome,GA,South,40660,Mandatory,N,173,No,78,173,Partial,,Prospecting,Intro,,,,"$618,000",,,,,,,,,,,,,,,,,,,,
ST LUKE'S MAGIC VALLEY RMC,130002,,Twin Falls,ID,West,46300,Mandatory,N,161,No,80,161,Yes,,Prospecting,Intro,,,,"$555,000",,,,,,,,,,,,,,,,,,,,
CARLE HEALTH PROCTOR HOSPITAL,140013,,Peoria,IL,Midwest,37900,Mandatory,N,435,No,46,435,No,,Demo,SOW Review,,,,"$489,600",,,,,,,,,,,,,,,,,,,,
ST JOHNS HOSPITAL,140053,,Springfield,IL,Midwest,44100,Mandatory,N,514,No,36,514,Partial,,LOI,Contract,,,,"$1,275,600",,,,,,,,,,,,,,,,,,,,
ST MARY MEDICAL CENTER,140064,,Galesburg,IL,Midwest,99914,Mandatory,N,542,No,32,542,No,,LOI,Contract,,,,"$625,800",,,,,,,,,,,,,,,,,,,,
SAINT FRANCIS MEDICAL CENTER,140067,,Peoria,IL,Midwest,37900,Mandatory,N,562,No,30,562,No,,LOI,Contract,,,,"$1,635,600",,,,,,,,,,,,,,,,,,,,
THE CARLE FOUNDATION HOSPITAL,140091,,Champaign-Urbana,IL,Midwest,16580,Mandatory,N,459,No,43,459,No,,LOI,SOW Review,,,,"$1,324,200",,,,,,,,,,,,,,,,,,,,
OSF HEART OF MARY MEDICAL CENTER,140113,,Champaign-Urbana,IL,Midwest,16580,Mandatory,N,369,No,54,369,Yes,,Demo,Pilot,,,,"$534,600",,,,,,,,,,,,,,,,,,,,
CARLE HEALTH PEKIN HOSPITAL,140120,,Peoria,IL,Midwest,37900,Mandatory,N,470,No,41,470,Yes,,LOI,SOW Review,,,,"$430,200",,,,,,,,,,,,,,,,,,,,
MEMORIAL MEDICAL CENTER,140148,,Springfield,IL,Midwest,44100,Mandatory,N,467,No,42,467,Yes,,LOI,SOW Review,,,,"$1,092,600",,,,,,,,,,,,,,,,,,,,
ST. MARY'S HOSPITAL-KANKAKEE,140155,,Kankakee,IL,Midwest,28100,Mandatory,N,133,No,83,133,Yes,,Cold,Intro,,,,"$544,200",,,,,,,,,,,,,,,,,,,,
SAINT JAMES HOSPITAL,140161,,Pontiac,IL,Midwest,99914,Mandatory,N,176,No,78,176,Partial,,Prospecting,Intro,,,,"$315,600",,,,,,,,,,,,,,,,,,,,
RIVERSIDE MEDICAL CENTER,140186,,Kankakee,IL,Midwest,28100,Mandatory,N,234,No,71,234,Yes,,Prospecting,Discovery,,,,"$700,800",,,,,,,,,,,,,,,,,,,,
CARLE HEALTH METHODIST HOSPITAL,140209,Methodist,Peoria,IL,Midwest,37900,Mandatory,N,521,No,35,521,No,,LOI,Contract,,,,"$845,400",,,,,,,,,,,,,,,,,,,,
NORTHWEST HEALTH-LA PORTE,150006,,Michigan City-La Porte,IN,Midwest,33140,Mandatory,N,428,No,47,428,No,,Demo,SOW Review,,,,"$511,200",,,,,,,,,,,,,,,,,,,,
FRANCISCAN HEALTH MICHIGAN CITY,150015,,Michigan City-La Porte,IN,Midwest,33140,Mandatory,N,402,No,50,402,Partial,,Demo,SOW Review,,,,"$599,400",,,,,,,,,,,,,,,,,,,,
PARKVIEW DEKALB HOSPITAL,150045,,Auburn,IN,Midwest,99915,Mandatory,N,460,No,43,460,Yes,,LOI,SOW Review,,,,"$446,400",,,,,,,,,,,,,,,,,,,,
REID HEALTH,150048,,Richmond,IN,Midwest,99915,Mandatory,N,535,No,33,535,No,,LOI,Contract,,,,"$809,400",,,,,,,,,,,,,,,,,,,,
NORTON-KING'S DAUGHTERS' HEALTH,150069,,Madison,IN,Midwest,99915,Mandatory,N,609,No,24,609,Partial,,Active,Live,,,,"$606,000",,,,,,,,,,,,,,,,,,,,
COLUMBUS REGIONAL HOSPITAL,150112,,Columbus,IN,Midwest,18020,Mandatory,N,172,No,79,172,Partial,,Prospecting,Intro,,,,"$623,400",,,,,,,,,,,,,,,,,,,,
ST LUKES HOSPITAL,160045,,Cedar Rapids,IA,Midwest,16300,Mandatory,N,114,No,86,114,No,,Cold,Intro,,,,"$744,000",,,,,,,,,,,,,,,,,,,,
SOUTHEAST IOWA REGIONAL MEDICAL CENTER,160057,,Burlington,IA,Midwest,99916,Mandatory,N,280,No,65,280,Partial,,Prospecting,Discovery,,,,"$553,200",,,,,,,,,,,,,,,,,,,,
MERCYONE DUBUQUE MEDICAL CENTER,160069,,Dubuque,IA,Midwest,20220,Mandatory,N,316,No,61,316,No,,Demo,Pilot,,,,"$615,600",,,,,,,,,,,,,,,,,,,,
MERCY MEDICAL CENTER - CEDAR RAPIDS,160079,Mercy,Cedar Rapids,IA,Midwest,16300,Mandatory,N,293,No,63,293,No,,Prospecting,Discovery,,,,"$628,800",,,,,,,,,,,,,,,,,,,,
OTTUMWA REGIONAL HEALTH CENTER,160089,,Ottumwa,IA,Midwest,99916,Mandatory,N,550,No,31,550,No,,LOI,Contract,,,,"$616,800",,,,,,,,,,,,,,,,,,,,
FINLEY HOSPITAL,160117,,Dubuque,IA,Midwest,20220,Mandatory,N,450,No,44,450,Yes,,LOI,SOW Review,,,,"$478,800",,,,,,,,,,,,,,,,,,,,
HAYS MEDICAL CENTER,170013,,Hays,KS,Midwest,99917,Mandatory,N,410,No,49,410,No,,Demo,SOW Review,,,,"$577,800",,,,,,,,,,,,,,,,,,,,
HUTCHINSON REGIONAL MEDICAL CENTER INC,170020,,Hutchinson,KS,Midwest,99917,Mandatory,N,498,No,38,498,Yes,,LOI,SOW Review,,,,"$735,600",,,,,,,,,,,,,,,,,,,,
LMH,170137,,Lawrence,KS,Midwest,29940,Mandatory,N,138,No,83,138,Yes,,Cold,Intro,,,,"$438,000",,,,,,,,,,,,,,,,,,,,
UNIVERSITY  OF KS HLTH SYSTEM GREAT BEND CAMPUS,170191,,Great Bend,KS,Midwest,99917,Mandatory,N,207,No,74,207,No,,Prospecting,Discovery,,,,"$292,200",,,,,,,,,,,,,,,,,,,,
"SUMMIT SURGICAL, LLC",170198,,Hutchinson,KS,Midwest,99917,Mandatory,N,666,No,17,666,Yes,,Active,Live,,,,"$378,000",,,,,,,,,,,,,,,,,,,,
SAINT JOSEPH HOSPITAL,180010,,Lexington-Fayette,KY,South,30460,Mandatory,N,350,No,56,350,Yes,,Demo,Pilot,,,,"$840,600",,,,,,,,,,,,,,,,,,,,
CHI SAINT JOSEPH LONDON,180011,,Corbin,KY,South,99918,Mandatory,N,306,No,62,306,No,,Demo,Pilot,,,,"$572,400",,,,,,,,,,,,,,,,,,,,
THE MEDICAL CENTER AT BOWLING GREEN,180013,,Bowling Green,KY,South,14540,Mandatory,N,614,No,23,614,Partial,,Active,Live,,,,"$1,027,200",,,,,,,,,,,,,,,,,,,,
T J SAMSON COMMUNITY HOSPITAL,180017,,Glasgow,KY,South,99918,Mandatory,N,401,No,50,401,Partial,,Demo,SOW Review,,,,"$561,600",,,,,,,,,,,,,,,,,,,,
MIDDLESBORO APPALACHIAN REGIONAL HEALTHCARE HOSPIT,180020,,Middlesborough,KY,South,99918,Mandatory,N,643,No,20,643,No,,Active,Live,,,,"$682,800",,,,,,,,,,,,,,,,,,,,
ADVENTHEALTH MANCHESTER,180043,AdventHealth,Corbin,KY,South,99918,Mandatory,N,477,No,40,477,Yes,,LOI,SOW Review,,,,"$448,200",,,,,,,,,,,,,,,,,,,,
CENTERPOINT HEALTH - PARIS,180046,,Lexington-Fayette,KY,South,30460,Mandatory,N,557,No,30,557,No,,LOI,Contract,,,,"$541,200",,,,,,,,,,,,,,,,,,,,
UNIVERSITY OF KENTUCKY HOSPITAL,180067,,Lexington-Fayette,KY,South,30460,Mandatory,N,206,No,74,206,No,,Prospecting,Discovery,,,,"$2,272,200",,,,,,,,,,,,,,,,,,,,
BAPTIST HEALTH CORBIN,180080,,Corbin,KY,South,99918,Mandatory,N,352,No,56,352,Yes,,Demo,Pilot,,,,"$729,000",,,,,,,,,,,,,,,,,,,,
CLARK REGIONAL MEDICAL CENTER,180092,,Lexington-Fayette,KY,South,30460,Mandatory,N,378,No,53,378,Yes,,Demo,Pilot,,,,"$466,200",,,,,,,,,,,,,,,,,,,,
CENTERPOINT HEALTH - GEORGETOWN,180101,,Lexington-Fayette,KY,South,30460,Mandatory,N,335,No,58,335,No,,Demo,Pilot,,,,"$495,000",,,,,,,,,,,,,,,,,,,,
MERCY HEALTH LOURDES HOSPITAL,180102,Mercy,Paducah,KY,South,99918,Mandatory,N,387,No,52,387,Partial,,Demo,Pilot,,,,"$691,200",,,,,,,,,,,,,,,,,,,,
BAPTIST HEALTH LEXINGTON,180103,,Lexington-Fayette,KY,South,30460,Mandatory,N,204,No,75,204,No,,Prospecting,Discovery,,,,"$1,021,200",,,,,,,,,,,,,,,,,,,,
BAPTIST HEALTH PADUCAH,180104,,Paducah,KY,South,99918,Mandatory,N,329,No,59,329,No,,Demo,Pilot,,,,"$582,000",,,,,,,,,,,,,,,,,,,,
TRISTAR GREENVIEW REGIONAL HOSPITAL,180124,,Bowling Green,KY,South,14540,Mandatory,N,565,No,29,565,No,,LOI,Contract,,,,"$692,400",,,,,,,,,,,,,,,,,,,,
CHI SAINT JOSEPH EAST,180143,,Lexington-Fayette,KY,South,30460,Mandatory,N,491,No,39,491,Yes,,LOI,SOW Review,,,,"$728,400",,,,,,,,,,,,,,,,,,,,
"PINEVILLE COMMUNITY HEALTH CENTER, INC",180154,,Middlesborough,KY,South,99918,Mandatory,N,638,No,20,638,No,,Active,Live,,,,"$681,000",,,,,,,,,,,,,,,,,,,,
OCHSNER LAFAYETTE GENERAL MEDICAL CENTER,190002,,Lafayette,LA,South,29180,Mandatory,N,453,No,43,453,Yes,,LOI,SOW Review,,,,"$1,062,000",,,,,,,,,,,,,,,,,,,,
OCHSNER UNIVERSITY HOSPITAL AND CLINICS,190006,,Lafayette,LA,South,29180,Mandatory,N,485,No,39,485,Partial,,LOI,SOW Review,,,,"$453,600",,,,,,,,,,,,,,,,,,,,
NATCHITOCHES REGIONAL MEDICAL CENTER,190007,,Natchitoches,LA,South,99919,Mandatory,N,242,No,70,242,Yes,,Prospecting,Discovery,,,,"$385,800",,,,,,,,,,,,,,,,,,,,
OCHSNER LSU HEALTH MONROE,190011,,Monroe,LA,South,33740,Mandatory,N,415,No,48,415,No,,Demo,SOW Review,,,,"$513,000",,,,,,,,,,,,,,,,,,,,
"NORTH OAKS MEDICAL CENTER, LLC",190015,,Hammond,LA,South,25220,Mandatory,N,567,No,29,567,Yes,,LOI,Contract,,,,"$924,600",,,,,,,,,,,,,,,,,,,,
CHRISTUS ST FRANCES CABRINI HOSPITAL,190019,Christus Health,Alexandria,LA,South,10780,Mandatory,N,383,No,52,383,Yes,,Demo,Pilot,,,,"$838,800",,,,,,,,,,,,,,,,,,,,
LANE REGIONAL MEDICAL CENTER,190020,,Baton Rouge,LA,South,12940,Mandatory,N,418,No,48,418,No,,Demo,SOW Review,,,,"$556,200",,,,,,,,,,,,,,,,,,,,
RAPIDES REGIONAL MEDICAL CENTER,190026,,Alexandria,LA,South,10780,Mandatory,N,528,No,34,528,No,,LOI,Contract,,,,"$1,155,000",,,,,,,,,,,,,,,,,,,,
ABBEVILLE GENERAL HOSPITAL,190034,,Lafayette,LA,South,29180,Mandatory,N,490,No,39,490,Partial,,LOI,SOW Review,,,,"$439,200",,,,,,,,,,,,,,,,,,,,
OCHSNER ACADIA GENERAL HOSPITAL,190044,,Lafayette,LA,South,29180,Mandatory,N,437,No,45,437,No,,Demo,SOW Review,,,,"$457,200",,,,,,,,,,,,,,,,,,,,
ST TAMMANY PARISH HOSPITAL,190045,,Slidell-Mandeville-Covington,LA,South,35380,Mandatory,N,202,No,75,202,No,,Prospecting,Discovery,,,,"$652,200",,,,,,,,,,,,,,,,,,,,
OUR LADY OF THE LAKE REGIONAL MEDICAL CENTER,190064,,Baton Rouge,LA,South,12940,Mandatory,N,288,No,64,288,Partial,,Prospecting,Discovery,,,,"$1,524,600",,,,,,,,,,,,,,,,,,,,
BATON ROUGE GENERAL MEDICAL CENTER,190065,,Baton Rouge,LA,South,12940,Mandatory,N,341,No,57,341,No,,Demo,Pilot,,,,"$820,800",,,,,,,,,,,,,,,,,,,,
NORTHERN LOUISIANA MEDICAL CENTER,190086,,Ruston,LA,South,99919,Mandatory,N,574,No,28,574,Yes,,LOI,Contract,,,,"$699,600",,,,,,,,,,,,,,,,,,,,
"OUR LADY OF LOURDES REGIONAL MEDICAL CENTER, INC",190102,,Lafayette,LA,South,29180,Mandatory,N,331,No,59,331,No,,Demo,Pilot,,,,"$1,049,400",,,,,,,,,,,,,,,,,,,,
MOREHOUSE GENERAL HOSPITAL,190116,,Monroe,LA,South,33740,Mandatory,N,618,No,23,618,Partial,,Active,Live,,,,"$550,200",,,,,,,,,,,,,,,,,,,,
FMOL HEALTH ST FRANCIS,190125,,Monroe,LA,South,33740,Mandatory,N,389,No,51,389,Partial,,Demo,Pilot,,,,"$957,600",,,,,,,,,,,,,,,,,,,,
WOMANS HOSPITAL,190128,,Baton Rouge,LA,South,12940,Mandatory,N,312,No,61,312,No,,Demo,Pilot,,,,"$650,400",,,,,,,,,,,,,,,,,,,,
RICHARDSON MEDICAL CENTER,190151,,Monroe,LA,South,99919,Mandatory,N,717,No,10,717,No,,Active,Live,,,,"$428,400",,,,,,,,,,,,,,,,,,,,
GLENWOOD REGIONAL MEDICAL CENTER,190160,,Monroe,LA,South,33740,Mandatory,N,588,No,27,588,Yes,,LOI,Contract,,,,"$861,600",,,,,,,,,,,,,,,,,,,,
OCHSNER MEDICAL CENTER - BATON ROUGE,190202,,Baton Rouge,LA,South,12940,Mandatory,N,200,No,75,200,No,,Prospecting,Discovery,,,,"$547,800",,,,,,,,,,,,,,,,,,,,
MONROE SURGICAL HOSPITAL,190245,,Monroe,LA,South,33740,Mandatory,N,710,No,11,710,No,,Active,Live,,,,"$378,000",,,,,,,,,,,,,,,,,,,,
SURGICAL SPECIALTY CENTER OF BATON ROUGE,190251,,Baton Rouge,LA,South,12940,Mandatory,N,659,No,18,659,Yes,,Active,Live,,,,"$388,800",,,,,,,,,,,,,,,,,,,,
PARK PLACE SURGICAL HOSPITAL,190255,,Lafayette,LA,South,29180,Mandatory,N,660,No,18,660,Yes,,Active,Live,,,,"$378,000",,,,,,,,,,,,,,,,,,,,
LAFAYETTE SURGICAL SPECIALTY HOSPITAL,190259,,Lafayette,LA,South,29180,Mandatory,N,700,No,13,700,Partial,,Active,Live,,,,"$396,000",,,,,,,,,,,,,,,,,,,,
THE SPINE HOSPITAL OF LOUISIANA,190266,,Baton Rouge,LA,South,12940,Mandatory,N,682,No,15,682,Yes,,Active,Live,,,,"$401,400",,,,,,,,,,,,,,,,,,,,
CHRISTUS CENTRAL LOUISIANA SURGICAL HOSPITAL,190298,Christus Health,Alexandria,LA,South,10780,Mandatory,N,708,No,12,708,No,,Active,Live,,,,"$403,200",,,,,,,,,,,,,,,,,,,,
CYPRESS POINTE SURGICAL HOSPITAL,190303,,Hammond,LA,South,25220,Mandatory,N,676,No,16,676,Yes,,Active,Live,,,,"$414,000",,,,,,,,,,,,,,,,,,,,
OUR LADY OF THE ANGELS HOSPITAL,190312,,Bogalusa,LA,South,99919,Mandatory,N,252,No,69,252,Yes,,Prospecting,Discovery,,,,"$304,800",,,,,,,,,,,,,,,,,,,,
THE GENERAL,190316,,Baton Rouge,LA,South,12940,Mandatory,N,672,No,16,672,Yes,,Active,Live,,,,"$664,200",,,,,,,,,,,,,,,,,,,,
ALEXANDRIA HOSPITAL,190319,,Alexandria,LA,South,,Mandatory,N,691,No,14,691,Partial,,Active,Live,,,,"$720,000",,,,,,,,,,,,,,,,,,,,
RISE COMMUNITY HOSPITAL,190320,,Baton Rouge,LA,South,,Mandatory,N,696,No,13,696,Partial,,Active,Live,,,,"$720,000",,,,,,,,,,,,,,,,,,,,
CENTRAL MAINE MEDICAL CENTER,200024,,Lewiston-Auburn,ME,Northeast,30340,Mandatory,N,225,No,72,225,No,,Prospecting,Discovery,,,,"$576,600",,,,,,,,,,,,,,,,,,,,
ST MARY'S REGIONAL MEDICAL CENTER,200034,,Lewiston-Auburn,ME,Northeast,30340,Mandatory,N,160,No,80,160,Yes,,Prospecting,Intro,,,,"$492,000",,,,,,,,,,,,,,,,,,,,
MAINEGENERAL MEDICAL CENTER,200039,,Augusta-Waterville,ME,Northeast,99920,Mandatory,N,132,No,84,132,Yes,,Cold,Intro,,,,"$574,800",,,,,,,,,,,,,,,,,,,,
MOUNT AUBURN HOSPITAL,220002,,Boston-Cambridge-Newton,MA,Northeast,15764,Mandatory,N,162,No,80,162,Yes,,Prospecting,Intro,,,,"$580,200",,,,,,,,,,,,,,,,,,,,
STURDY MEMORIAL HOSPITAL,220008,,Providence-Warwick,MA,Northeast,39300,Mandatory,N,361,No,55,361,Yes,,Demo,Pilot,,,,"$585,000",,,,,,,,,,,,,,,,,,,,
MERRIMACK HEALTH LAWRENCE HOSPITAL,220010,,Boston-Cambridge-Newton,MA,Northeast,15764,Mandatory,N,558,No,30,558,No,,LOI,Contract,,,,"$814,800",,,,,,,,,,,,,,,,,,,,
CAMBRIDGE HEALTH ALLIANCE,220011,,Boston-Cambridge-Newton,MA,Northeast,15764,Mandatory,N,479,No,40,479,Yes,,LOI,SOW Review,,,,"$765,000",,,,,,,,,,,,,,,,,,,,
CAPE COD HOSPITAL,220012,,Barnstable Town,MA,Northeast,12700,Mandatory,N,500,No,38,500,Yes,,LOI,Contract,,,,"$910,200",,,,,,,,,,,,,,,,,,,,
BROWN UNIVERSITY HEALTH SAINT ANNE'S HOSPITAL,220020,,Providence-Warwick,MA,Northeast,39300,Mandatory,N,332,No,59,332,No,,Demo,Pilot,,,,"$637,200",,,,,,,,,,,,,,,,,,,,
ANNA JAQUES HOSPITAL,220029,,Boston-Cambridge-Newton,MA,Northeast,15764,Mandatory,N,374,No,53,374,Yes,,Demo,Pilot,,,,"$568,800",,,,,,,,,,,,,,,,,,,,
BOSTON MEDICAL CENTER CORPORATION-,220031,,Boston-Cambridge-Newton,MA,Northeast,14454,Mandatory,N,303,No,62,303,Partial,,Demo,Pilot,,,,"$1,155,600",,,,,,,,,,,,,,,,,,,,
BEVERLY HOSPITAL CORPORATION,220033,,Boston-Cambridge-Newton,MA,Northeast,15764,Mandatory,N,455,No,43,455,Yes,,LOI,SOW Review,,,,"$898,200",,,,,,,,,,,,,,,,,,,,
NORTH SHORE MEDICAL CENTER -,220035,,Boston-Cambridge-Newton,MA,Northeast,15764,Mandatory,N,21,Yes,97,21,Yes,,Cold,Research,,,,"$602,400",,,,,,,,,,,,,,,,,,,,
BOSTON MEDICAL CENTER-BRIGHTON,220036,,Boston-Cambridge-Newton,MA,Northeast,14454,Mandatory,N,366,No,54,366,Yes,,Demo,Pilot,,,,"$799,200",,,,,,,,,,,,,,,,,,,,
MARLBOROUGH HOSPITAL,220049,,Boston-Cambridge-Newton,MA,Northeast,15764,Mandatory,N,606,No,24,606,Partial,,Active,Live,,,,"$600,600",,,,,,,,,,,,,,,,,,,,
SIGNATURE HEALTHCARE BROCKTON HOSPITAL,220052,,Boston-Cambridge-Newton,MA,Northeast,14454,Mandatory,N,496,No,38,496,Partial,,LOI,SOW Review,,,,"$675,000",,,,,,,,,,,,,,,,,,,,
BETH ISRAEL DEACONESS HOSPITAL - PLYMOUTH,220060,,Boston-Cambridge-Newton,MA,Northeast,14454,Mandatory,N,190,No,76,190,No,,Prospecting,Intro,,,,"$511,800",,,,,,,,,,,,,,,,,,,,
LOWELL GENERAL HOSPITAL,220063,,Boston-Cambridge-Newton,MA,Northeast,99922,Mandatory,N,583,No,27,583,Yes,,LOI,Contract,,,,"$1,182,000",,,,,,,,,,,,,,,,,,,,
MELROSEWAKEFIELD HEALTHCARE,220070,,Boston-Cambridge-Newton,MA,Northeast,15764,Mandatory,N,355,No,56,355,Yes,,Demo,Pilot,,,,"$648,000",,,,,,,,,,,,,,,,,,,,
MASSACHUSETTS GENERAL HOSPITAL,220071,,Boston-Cambridge-Newton,MA,Northeast,14454,Mandatory,N,2,Yes,100,2,No,,Cold,Research,,,,"$1,914,600",,,,,,,,,,,,,,,,,,,,
BROWN UNIVERSITY HEALTH MORTON HOSPITAL,220073,,Providence-Warwick,MA,Northeast,39300,Mandatory,N,632,No,21,632,Partial,,Active,Live,,,,"$825,000",,,,,,,,,,,,,,,,,,,,
"SOUTHCOAST HOSPITAL GROUP, INC",220074,,Providence-Warwick,MA,Northeast,39300,Mandatory,N,120,No,85,120,No,,Cold,Intro,,,,"$1,383,000",,,,,,,,,,,,,,,,,,,,
MASSACHUSETTS EYE AND EAR INFIRMARY -,220075,,Boston-Cambridge-Newton,MA,Northeast,14454,Mandatory,N,715,No,11,715,No,,Active,Live,,,,"$433,800",,,,,,,,,,,,,,,,,,,,
MERRIMACK HEALTH METHUEN HOSPITAL,220080,,Boston-Cambridge-Newton,MA,Northeast,15764,Mandatory,N,541,No,32,541,No,,LOI,Contract,,,,"$1,007,400",,,,,,,,,,,,,,,,,,,,
BETH ISRAEL DEACONESS HOSPITAL - NEEDHAM,220083,,Boston-Cambridge-Newton,MA,Northeast,14454,Mandatory,N,100,No,88,100,No,,Cold,Intro,,,,"$224,400",,,,,,,,,,,,,,,,,,,,
EMERSON HOSPITAL -,220084,,Boston-Cambridge-Newton,MA,Northeast,15764,Mandatory,N,72,No,91,72,No,,Cold,Research,,,,"$319,800",,,,,,,,,,,,,,,,,,,,
BETH ISRAEL DEACONESS MEDICAL CENTER,220086,,Boston-Cambridge-Newton,MA,Northeast,14454,Mandatory,N,406,No,49,406,No,,Demo,SOW Review,,,,"$1,629,000",,,,,,,,,,,,,,,,,,,,
NEW ENGLAND BAPTIST HOSPITAL,220088,,Boston-Cambridge-Newton,MA,Northeast,14454,Mandatory,N,95,No,88,95,No,,Cold,Research,,,,"$255,000",,,,,,,,,,,,,,,,,,,,
SOUTH SHORE HOSPITAL,220100,,Boston-Cambridge-Newton,MA,Northeast,14454,Mandatory,N,578,No,28,578,Yes,,LOI,Contract,,,,"$1,153,200",,,,,,,,,,,,,,,,,,,,
NEWTON-WELLESLEY HOSPITAL,220101,,Boston-Cambridge-Newton,MA,Northeast,15764,Mandatory,N,24,Yes,97,24,Yes,,Cold,Research,,,,"$508,800",,,,,,,,,,,,,,,,,,,,
WINCHESTER HOSPITAL,220105,,Boston-Cambridge-Newton,MA,Northeast,15764,Mandatory,N,301,No,62,301,Partial,,Demo,Pilot,,,,"$687,600",,,,,,,,,,,,,,,,,,,,
BETH ISRAEL DEACONESS HOSPITAL-MILTON INC,220108,,Boston-Cambridge-Newton,MA,Northeast,14454,Mandatory,N,275,No,66,275,Partial,,Prospecting,Discovery,,,,"$423,600",,,,,,,,,,,,,,,,,,,,
BRIGHAM AND WOMEN'S HOSPITAL,220110,,Boston-Cambridge-Newton,MA,Northeast,14454,Mandatory,N,7,Yes,99,7,No,,Cold,Research,,,,"$1,606,800",,,,,,,,,,,,,,,,,,,,
BOSTON MEDICAL CENTER-SOUTH,220111,,Boston-Cambridge-Newton,MA,Northeast,14454,Mandatory,N,517,No,35,517,Partial,,LOI,Contract,,,,"$854,400",,,,,,,,,,,,,,,,,,,,
TUFTS MEDICAL CENTER,220116,,Boston-Cambridge-Newton,MA,Northeast,14454,Mandatory,N,579,No,28,579,Yes,,LOI,Contract,,,,"$1,135,200",,,,,,,,,,,,,,,,,,,,
BRIGHAM AND WOMEN'S FAULKNER HOSPITAL,220119,,Boston-Cambridge-Newton,MA,Northeast,14454,Mandatory,N,88,No,89,88,No,,Cold,Research,,,,"$384,600",,,,,,,,,,,,,,,,,,,,
FALMOUTH HOSPITAL,220135,,Barnstable Town,MA,Northeast,12700,Mandatory,N,308,No,62,308,No,,Demo,Pilot,,,,"$385,800",,,,,,,,,,,,,,,,,,,,
UMASS MEMORIAL MEDICAL CENTER INC,220163,,Worcester,MA,Northeast,49340,Mandatory,N,284,No,65,284,Partial,,Prospecting,Discovery,,,,"$1,605,600",,,,,,,,,,,,,,,,,,,,
"LAHEY HOSPITAL & MEDICAL CENTER, BURLINGTON",220171,,Boston-Cambridge-Newton,MA,Northeast,15764,Mandatory,N,141,No,82,141,Yes,,Cold,Intro,,,,"$859,200",,,,,,,,,,,,,,,,,,,,
METROWEST MEDICAL CENTER,220175,,Boston-Cambridge-Newton,MA,Northeast,15764,Mandatory,N,698,No,13,698,Yes,,Active,Live,,,,"$841,200",,,,,,,,,,,,,,,,,,,,
PROMEDICA CHARLES AND VIRGINIA HICKMAN HOSPITAL,230005,,Adrian,MI,Midwest,99923,Mandatory,N,334,No,58,334,No,,Demo,Pilot,,,,"$464,400",,,,,,,,,,,,,,,,,,,,
NORTH MEMORIAL HEALTH - ROBBINSDALE HOSPITAL,240001,,Minneapolis-St. Paul-Bloomington,MN,Midwest,33460,Mandatory,N,649,No,19,649,No,,Active,Live,,,,"$1,190,400",,,,,,,,,,,,,,,,,,,,
ESSENTIA HEALTH ST MARY'S MEDICAL CENTER,240002,,Duluth,MN,Midwest,20260,Mandatory,N,150,No,81,150,Yes,,Prospecting,Intro,,,,"$855,600",,,,,,,,,,,,,,,,,,,,
HENNEPIN COUNTY MEDICAL CENTER,240004,,Minneapolis-St. Paul-Bloomington,MN,Midwest,33460,Mandatory,N,327,No,59,327,No,,Demo,Pilot,,,,"$984,600",,,,,,,,,,,,,,,,,,,,
NORTHFIELD CITY HOSPITAL,240014,,Minneapolis-St. Paul-Bloomington,MN,Midwest,33460,Mandatory,N,255,No,68,255,Yes,,Prospecting,Discovery,,,,"$306,600",,,,,,,,,,,,,,,,,,,,
ESSENTIA HEALTH DULUTH,240019,,Duluth,MN,Midwest,20260,Mandatory,N,664,No,17,664,Yes,,Active,Live,,,,"$572,400",,,,,,,,,,,,,,,,,,,,
CAMBRIDGE MEDICAL CENTER,240020,,Minneapolis-St. Paul-Bloomington,MN,Midwest,33460,Mandatory,N,112,No,86,112,No,,Cold,Intro,,,,"$322,800",,,,,,,,,,,,,,,,,,,,
SANFORD WORTHINGTON MEDICAL CENTER,240022,,Worthington,MN,Midwest,99924,Mandatory,N,287,No,64,287,No,,Prospecting,Discovery,,,,"$326,400",,,,,,,,,,,,,,,,,,,,
CENTRACARE - ST. CLOUD HOSPITAL,240036,,St. Cloud,MN,Midwest,41060,Mandatory,N,102,No,87,102,No,,Cold,Intro,,,,"$1,075,200",,,,,,,,,,,,,,,,,,,,
UNITED HOSPITAL,240038,,Minneapolis-St. Paul-Bloomington,MN,Midwest,33460,Mandatory,N,304,No,62,304,No,,Demo,Pilot,,,,"$1,083,600",,,,,,,,,,,,,,,,,,,,
RANGE REGIONAL HEALTH SERVICES,240040,,Duluth,MN,Midwest,20260,Mandatory,N,146,No,82,146,Yes,,Cold,Intro,,,,"$369,600",,,,,,,,,,,,,,,,,,,,
ASPIRUS ST LUKES HOSPITAL,240047,,Duluth,MN,Midwest,20260,Mandatory,N,360,No,55,360,Yes,,Demo,Pilot,,,,"$788,400",,,,,,,,,,,,,,,,,,,,
M HEALTH FAIRVIEW LAKES MEDICAL CENTER,240050,,Minneapolis-St. Paul-Bloomington,MN,Midwest,33460,Mandatory,N,333,No,58,333,No,,Demo,Pilot,,,,"$459,000",,,,,,,,,,,,,,,,,,,,
PARK NICOLLET METHODIST HOSPITAL,240053,Methodist,Minneapolis-St. Paul-Bloomington,MN,Midwest,33460,Mandatory,N,276,No,66,276,Yes,,Prospecting,Discovery,,,,"$993,600",,,,,,,,,,,,,,,,,,,,
RIDGEVIEW MEDICAL CENTER,240056,,Minneapolis-St. Paul-Bloomington,MN,Midwest,33460,Mandatory,N,113,No,86,113,No,,Cold,Intro,,,,"$436,200",,,,,,,,,,,,,,,,,,,,
ABBOTT NORTHWESTERN HOSPITAL,240057,,Minneapolis-St. Paul-Bloomington,MN,Midwest,33460,Mandatory,N,97,No,88,97,No,,Cold,Research,,,,"$1,336,200",,,,,,,,,,,,,,,,,,,,
LAKEVIEW MEMORIAL HOSPITAL,240066,,Minneapolis-St. Paul-Bloomington,MN,Midwest,33460,Mandatory,N,127,No,84,127,No,,Cold,Intro,,,,"$362,400",,,,,,,,,,,,,,,,,,,,
ALLINA HEALTH FARIBAULT MEDICAL CENTER,240071,Allina Health,Faribault-Northfield,MN,Midwest,99924,Mandatory,N,461,No,42,461,Yes,,LOI,SOW Review,,,,"$417,600",,,,,,,,,,,,,,,,,,,,
BUFFALO HOSPITAL,240076,,Minneapolis-St. Paul-Bloomington,MN,Midwest,33460,Mandatory,N,33,Yes,96,33,Yes,,Cold,Research,,,,"$190,200",,,,,,,,,,,,,,,,,,,,
M HEALTH FAIRVIEW SOUTHDALE HOSPITAL,240078,,Minneapolis-St. Paul-Bloomington,MN,Midwest,33460,Mandatory,N,25,Yes,97,25,Yes,,Cold,Research,,,,"$708,600",,,,,,,,,,,,,,,,,,,,
M HEALTH FAIRVIEW UNIVERSITY OF MN MEDICAL CENTER,240080,,Minneapolis-St. Paul-Bloomington,MN,Midwest,33460,Mandatory,N,86,No,89,86,Partial,,Cold,Research,,,,"$1,404,600",,,,,,,,,,,,,,,,,,,,
ESSENTIA HEALTH VIRGINIA,240084,,Duluth,MN,Midwest,20260,Mandatory,N,123,No,85,123,No,,Cold,Intro,,,,"$328,200",,,,,,,,,,,,,,,,,,,,
SANFORD BEMIDJI MEDICAL CENTER,240100,,Bemidji,MN,Midwest,99924,Mandatory,N,278,No,65,278,Partial,,Prospecting,Discovery,,,,"$429,000",,,,,,,,,,,,,,,,,,,,
ST FRANCIS REGIONAL MEDICAL CENTER,240104,,Minneapolis-St. Paul-Bloomington,MN,Midwest,33460,Mandatory,N,448,No,44,448,No,,Demo,SOW Review,,,,"$520,200",,,,,,,,,,,,,,,,,,,,
REGIONS HOSPITAL,240106,,Minneapolis-St. Paul-Bloomington,MN,Midwest,33460,Mandatory,N,264,No,67,264,Yes,,Prospecting,Discovery,,,,"$1,132,200",,,,,,,,,,,,,,,,,,,,
MERCY HOSPITAL,240115,Mercy,Minneapolis-St. Paul-Bloomington,MN,Midwest,33460,Mandatory,N,256,No,68,256,Yes,,Prospecting,Discovery,,,,"$1,195,200",,,,,,,,,,,,,,,,,,,,
M HEALTH FAIRVIEW NORTHLAND MEDICAL CENTER,240141,,Minneapolis-St. Paul-Bloomington,MN,Midwest,33460,Mandatory,N,118,No,85,118,No,,Cold,Intro,,,,"$301,200",,,,,,,,,,,,,,,,,,,,
M HEALTH FAIRVIEW RIDGES HOSPITAL,240207,,Minneapolis-St. Paul-Bloomington,MN,Midwest,33460,Mandatory,N,125,No,84,125,No,,Cold,Intro,,,,"$549,600",,,,,,,,,,,,,,,,,,,,
M HEALTH FAIRVIEW ST JOHN'S HOSPITAL,240210,,Minneapolis-St. Paul-Bloomington,MN,Midwest,33460,Mandatory,N,45,Yes,94,45,Yes,,Cold,Research,,,,"$451,200",,,,,,,,,,,,,,,,,,,,
M HEALTH FAIRVIEW WOODWINDS HOSPITAL,240213,,Minneapolis-St. Paul-Bloomington,MN,Midwest,33460,Mandatory,N,147,No,82,147,Yes,,Cold,Intro,,,,"$394,800",,,,,,,,,,,,,,,,,,,,
MAPLE GROVE HOSPITAL,240214,,Minneapolis-St. Paul-Bloomington,MN,Midwest,33460,Mandatory,N,14,Yes,98,14,No,,Cold,Research,,,,"$386,400",,,,,,,,,,,,,,,,,,,,
NORTH MISSISSIPPI MEDICAL CENTER,250004,,Tupelo,MS,South,99925,Mandatory,N,586,No,27,586,Yes,,LOI,Contract,,,,"$1,336,800",,,,,,,,,,,,,,,,,,,,
MAGNOLIA REGIONAL HEALTH CENTER,250009,,Corinth,MS,South,99925,Mandatory,N,487,No,39,487,Yes,,LOI,SOW Review,,,,"$764,400",,,,,,,,,,,,,,,,,,,,
JASPER GENERAL HOSPITAL,250018,,Laurel,MS,South,99925,Mandatory,N,685,No,14,685,Partial,,Active,Live,,,,"$396,000",,,,,,,,,,,,,,,,,,,,
BAPTIST MEMORIAL HOSPITAL BOONEVILLE,250044,,Tupelo,MS,South,99925,Mandatory,N,486,No,39,486,Partial,,LOI,SOW Review,,,,"$397,800",,,,,,,,,,,,,,,,,,,,
BEACHAM MEMORIAL HOSPITAL,250049,,McComb,MS,South,99925,Mandatory,N,719,No,10,719,No,,Active,Live,,,,"$390,600",,,,,,,,,,,,,,,,,,,,
SOUTH CENTRAL REG MED CTR,250058,,Laurel,MS,South,99925,Mandatory,N,670,No,16,670,No,,Active,Live,,,,"$1,082,400",,,,,,,,,,,,,,,,,,,,
SOUTHWEST MS REGIONAL MEDICAL CENTER,250097,,McComb,MS,South,99925,Mandatory,N,546,No,32,546,No,,LOI,Contract,,,,"$654,600",,,,,,,,,,,,,,,,,,,,
BAPTIST MEMORIAL HOSPITAL DESOTO,250141,,Memphis,MS,South,32820,Mandatory,N,473,No,41,473,Yes,,LOI,SOW Review,,,,"$896,400",,,,,,,,,,,,,,,,,,,,
METHODIST HEALTHCARE - OLIVE BRANCH HOSPITAL,250167,Methodist,Memphis,MS,South,32820,Mandatory,N,94,No,88,94,No,,Cold,Research,,,,"$371,400",,,,,,,,,,,,,,,,,,,,
UNIVERSITY OF MISSISSIPPI MEDICAL CENTER- GRENADA,250168,,Grenada,MS,South,99925,Mandatory,N,711,No,11,711,Yes,,Active,Live,,,,"$688,200",,,,,,,,,,,,,,,,,,,,
HIGHLAND HILLS MEDICAL CENTER,250172,,Memphis,MS,South,32820,Mandatory,N,653,No,18,653,Yes,,Active,Live,,,,"$387,000",,,,,,,,,,,,,,,,,,,,
"ALLIANCE HEALTHCARE SYSTEM, INC",250174,,Memphis,MS,South,,Mandatory,N,692,No,14,692,Partial,,Active,Live,,,,"$720,000",,,,,,,,,,,,,,,,,,,,
BOTHWELL REGIONAL HEALTH CENTER,260009,,Sedalia,MO,Midwest,99926,Mandatory,N,111,No,86,111,No,,Cold,Intro,,,,"$367,800",,,,,,,,,,,,,,,,,,,,
SSM HEALTH ST. MARY'S HOSPITAL - JEFFERSON CITY,260011,SSM Health,Jefferson City,MO,Midwest,27620,Mandatory,N,319,No,60,319,No,,Demo,Pilot,,,,"$612,000",,,,,,,,,,,,,,,,,,,,
BOONE HOSPITAL CENTER,260068,,Columbia,MO,Midwest,17860,Mandatory,N,211,No,74,211,No,,Prospecting,Discovery,,,,"$718,800",,,,,,,,,,,,,,,,,,,,
MOBERLY REGIONAL MEDICAL CENTER,260074,,Moberly,MO,Midwest,99926,Mandatory,N,511,No,36,511,Partial,,LOI,Contract,,,,"$550,200",,,,,,,,,,,,,,,,,,,,
POPLAR BLUFF REGIONAL MEDICAL CENTER,260119,,Poplar Bluff,MO,Midwest,99926,Mandatory,N,471,No,41,471,Yes,,LOI,SOW Review,,,,"$897,600",,,,,,,,,,,,,,,,,,,,
UNIVERSITY OF MISSOURI HEALTH CARE,260141,,Columbia,MO,Midwest,17860,Mandatory,N,277,No,65,277,Yes,,Prospecting,Discovery,,,,"$1,557,000",,,,,,,,,,,,,,,,,,,,
BOZEMAN HEALTH DEACONESS REGIONAL MEDICAL CENTER,270057,,Bozeman,MT,West,99927,Mandatory,N,262,No,67,262,Yes,,Prospecting,Discovery,,,,"$490,200",,,,,,,,,,,,,,,,,,,,
CHI HEALTH ST FRANCIS,280023,,Grand Island,NE,Midwest,24260,Mandatory,N,241,No,70,241,Yes,,Prospecting,Discovery,,,,"$443,400",,,,,,,,,,,,,,,,,,,,
REGIONAL WEST MEDICAL CENTER,280061,,Scottsbluff,NE,Midwest,99928,Mandatory,N,552,No,31,552,No,,LOI,Contract,,,,"$699,600",,,,,,,,,,,,,,,,,,,,
GRAND ISLAND REGIONAL MEDICAL CENTER,280139,,Grand Island,NE,Midwest,24260,Mandatory,N,594,No,26,594,Yes,,LOI,Contract,,,,"$588,000",,,,,,,,,,,,,,,,,,,,
NORTHEASTERN NEVADA REGIONAL HOSPITAL,290008,,Elko,NV,West,99929,Mandatory,N,449,No,44,449,Yes,,Demo,SOW Review,,,,"$466,200",,,,,,,,,,,,,,,,,,,,
MARY HITCHCOCK MEMORIAL HOSPITAL,300003,,Lebanon-Claremont,NH,Northeast,99930,Mandatory,N,446,No,44,446,No,,Demo,SOW Review,,,,"$1,216,800",,,,,,,,,,,,,,,,,,,,
CONCORD HOSPITAL- LACONIA,300005,,Laconia,NH,Northeast,99930,Mandatory,N,464,No,42,464,Yes,,LOI,SOW Review,,,,"$514,800",,,,,,,,,,,,,,,,,,,,
FRISBIE MEMORIAL HOSPITAL,300014,,Boston-Cambridge-Newton,NH,Northeast,40484,Mandatory,N,273,No,66,273,Yes,,Prospecting,Discovery,,,,"$430,200",,,,,,,,,,,,,,,,,,,,
PARKLAND MEDICAL CENTER,300017,,Boston-Cambridge-Newton,NH,Northeast,40484,Mandatory,N,171,No,79,171,Partial,,Prospecting,Intro,,,,"$362,400",,,,,,,,,,,,,,,,,,,,
WENTWORTH-DOUGLASS HOSPITAL,300018,,Boston-Cambridge-Newton,NH,Northeast,40484,Mandatory,N,156,No,81,156,Yes,,Prospecting,Intro,,,,"$452,400",,,,,,,,,,,,,,,,,,,,
CHESHIRE MEDICAL CENTER,300019,,Keene,NH,Northeast,99930,Mandatory,N,193,No,76,193,No,,Prospecting,Intro,,,,"$394,800",,,,,,,,,,,,,,,,,,,,
EXETER HOSPITAL INC,300023,,Boston-Cambridge-Newton,NH,Northeast,40484,Mandatory,N,195,No,76,195,No,,Prospecting,Intro,,,,"$418,200",,,,,,,,,,,,,,,,,,,,
PORTSMOUTH REGIONAL HOSPITAL,300029,,Boston-Cambridge-Newton,NH,Northeast,40484,Mandatory,N,386,No,52,386,Partial,,Demo,Pilot,,,,"$678,600",,,,,,,,,,,,,,,,,,,,
HACKENSACK UNIVERSITY MEDICAL CENTER,310001,,New York-Newark-Jersey City,NJ,Northeast,35614,Mandatory,N,19,Yes,98,19,Yes,,Cold,Research,,,,"$1,504,200",,,,,,,,,,,,,,,,,,,,
NEWARK BETH ISRAEL MEDICAL CENTER,310002,,New York-Newark-Jersey City,NJ,Northeast,35084,Mandatory,N,533,No,33,533,No,,LOI,Contract,,,,"$1,214,400",,,,,,,,,,,,,,,,,,,,
PALISADES MEDICAL CENTER,310003,,New York-Newark-Jersey City,NJ,Northeast,35614,Mandatory,N,543,No,32,543,No,,LOI,Contract,,,,"$814,800",,,,,,,,,,,,,,,,,,,,
HUNTERDON MEDICAL CENTER,310005,,New York-Newark-Jersey City,NJ,Northeast,35084,Mandatory,N,183,No,77,183,Partial,,Prospecting,Intro,,,,"$571,200",,,,,,,,,,,,,,,,,,,,
ST MARY'S GENERAL HOSPITAL,310006,,New York-Newark-Jersey City,NJ,Northeast,35614,Mandatory,N,420,No,48,420,No,,Demo,SOW Review,,,,"$579,600",,,,,,,,,,,,,,,,,,,,
HOLY NAME MEDICAL CENTER,310008,,New York-Newark-Jersey City,NJ,Northeast,35614,Mandatory,N,64,No,92,64,Partial,,Cold,Research,,,,"$640,200",,,,,,,,,,,,,,,,,,,,
CLARA MAASS MEDICAL CENTER,310009,,New York-Newark-Jersey City,NJ,Northeast,35084,Mandatory,N,359,No,55,359,Yes,,Demo,Pilot,,,,"$826,200",,,,,,,,,,,,,,,,,,,,
PENN MEDICINE PRINCETON MEDICAL CENTER,310010,,New York-Newark-Jersey City,NJ,Northeast,35154,Mandatory,N,217,No,73,217,No,,Prospecting,Discovery,,,,"$610,800",,,,,,,,,,,,,,,,,,,,
VALLEY HOSPITAL,310012,,New York-Newark-Jersey City,NJ,Northeast,35614,Mandatory,N,289,No,64,289,No,,Prospecting,Discovery,,,,"$933,000",,,,,,,,,,,,,,,,,,,,
MORRISTOWN MEDICAL CENTER,310015,,New York-Newark-Jersey City,NJ,Northeast,35084,Mandatory,N,18,Yes,98,18,Yes,,Cold,Research,,,,"$1,401,600",,,,,,,,,,,,,,,,,,,,
HEIGHTS UNIVERSITY HOSPITAL,310016,,New York-Newark-Jersey City,NJ,Northeast,35614,Mandatory,N,571,No,29,571,Yes,,LOI,Contract,,,,"$773,400",,,,,,,,,,,,,,,,,,,,
CHILTON MEDICAL CENTER,310017,,New York-Newark-Jersey City,NJ,Northeast,35084,Mandatory,N,82,No,90,82,No,,Cold,Research,,,,"$444,000",,,,,,,,,,,,,,,,,,,,
ST JOSEPH'S UNIVERSITY MEDICAL CENTER INC,310019,,New York-Newark-Jersey City,NJ,Northeast,35614,Mandatory,N,309,No,61,309,No,,Demo,Pilot,,,,"$1,585,800",,,,,,,,,,,,,,,,,,,,
ROBERT WOOD JOHNSON UNIVERSITY HOSPITAL AT RAHWAY,310024,,New York-Newark-Jersey City,NJ,Northeast,35084,Mandatory,N,231,No,71,231,No,,Prospecting,Discovery,,,,"$490,200",,,,,,,,,,,,,,,,,,,,
BAYONNE UNIVERSITY HOSPITAL,310025,,New York-Newark-Jersey City,NJ,Northeast,35614,Mandatory,N,641,No,20,641,No,,Active,Live,,,,"$835,800",,,,,,,,,,,,,,,,,,,,
TRINITAS REGIONAL MEDICAL CENTER,310027,,New York-Newark-Jersey City,NJ,Northeast,35084,Mandatory,N,419,No,48,419,No,,Demo,SOW Review,,,,"$687,600",,,,,,,,,,,,,,,,,,,,
NEWTON MEDICAL CENTER,310028,,New York-Newark-Jersey City,NJ,Northeast,35084,Mandatory,N,230,No,71,230,No,,Prospecting,Discovery,,,,"$490,200",,,,,,,,,,,,,,,,,,,,
RIVERVIEW MEDICAL CENTER,310034,,New York-Newark-Jersey City,NJ,Northeast,35154,Mandatory,N,379,No,53,379,Yes,,Demo,Pilot,,,,"$840,600",,,,,,,,,,,,,,,,,,,,
ROBERT WOOD JOHNSON UNIVERSITY HOSPITAL,310038,,New York-Newark-Jersey City,NJ,Northeast,35154,Mandatory,N,465,No,42,465,No,,LOI,SOW Review,,,,"$1,614,000",,,,,,,,,,,,,,,,,,,,
RARITAN BAY MEDICAL CENTER,310039,,New York-Newark-Jersey City,NJ,Northeast,35154,Mandatory,N,239,No,70,239,Yes,,Prospecting,Discovery,,,,"$726,000",,,,,,,,,,,,,,,,,,,,
HOBOKEN UNIVERSITY HOSPITAL,310040,,New York-Newark-Jersey City,NJ,Northeast,35614,Mandatory,N,644,No,20,644,No,,Active,Live,,,,"$805,200",,,,,,,,,,,,,,,,,,,,
COMMUNITY MEDICAL CENTER,310041,,New York-Newark-Jersey City,NJ,Northeast,35154,Mandatory,N,629,No,21,629,Partial,,Active,Live,,,,"$1,338,000",,,,,,,,,,,,,,,,,,,,
ENGLEWOOD HOSPITAL,310045,,New York-Newark-Jersey City,NJ,Northeast,35614,Mandatory,N,219,No,73,219,No,,Prospecting,Discovery,,,,"$733,200",,,,,,,,,,,,,,,,,,,,
ROBERT WOOD JOHNSON UNIVERSITY HOSPITAL SOMERSET,310048,,New York-Newark-Jersey City,NJ,Northeast,35154,Mandatory,N,343,No,57,343,No,,Demo,Pilot,,,,"$957,600",,,,,,,,,,,,,,,,,,,,
SAINT CLARE'S HOSPITAL,310050,,New York-Newark-Jersey City,NJ,Northeast,35084,Mandatory,N,607,No,24,607,Partial,,Active,Live,,,,"$915,600",,,,,,,,,,,,,,,,,,,,
OVERLOOK MEDICAL CENTER,310051,,New York-Newark-Jersey City,NJ,Northeast,35084,Mandatory,N,56,No,93,56,Partial,,Cold,Research,,,,"$915,600",,,,,,,,,,,,,,,,,,,,
OCEAN UNIVERSITY MEDICAL CENTER,310052,,New York-Newark-Jersey City,NJ,Northeast,35154,Mandatory,N,226,No,72,226,No,,Prospecting,Discovery,,,,"$803,400",,,,,,,,,,,,,,,,,,,,
HACKENSACK MERIDIAN MOUNTAINSIDE MEDICAL,310054,,New York-Newark-Jersey City,NJ,Northeast,35084,Mandatory,N,249,No,69,249,Yes,,Prospecting,Discovery,,,,"$587,400",,,,,,,,,,,,,,,,,,,,
BERGEN NEW BRIDGE MEDICAL CENTER,310058,,New York-Newark-Jersey City,NJ,Northeast,35614,Mandatory,N,706,No,12,706,No,,Active,Live,,,,"$552,600",,,,,,,,,,,,,,,,,,,,
SAINT PETER'S UNIVERSITY HOSPITAL,310070,,New York-Newark-Jersey City,NJ,Northeast,35154,Mandatory,N,372,No,54,372,Yes,,Demo,Pilot,,,,"$993,600",,,,,,,,,,,,,,,,,,,,
JERSEY SHORE UNIVERSITY MEDICAL CENTER,310073,,New York-Newark-Jersey City,NJ,Northeast,35154,Mandatory,N,139,No,83,139,Yes,,Cold,Intro,,,,"$1,284,000",,,,,,,,,,,,,,,,,,,,
JERSEY CITY MEDICAL CENTER,310074,,New York-Newark-Jersey City,NJ,Northeast,35614,Mandatory,N,368,No,54,368,Yes,,Demo,Pilot,,,,"$905,400",,,,,,,,,,,,,,,,,,,,
MONMOUTH MEDICAL CENTER,310075,,New York-Newark-Jersey City,NJ,Northeast,35154,Mandatory,N,403,No,50,403,Partial,,Demo,SOW Review,,,,"$783,000",,,,,,,,,,,,,,,,,,,,
COOPERMAN BARNABAS MEDICAL CENTER,310076,,New York-Newark-Jersey City,NJ,Northeast,35084,Mandatory,N,321,No,60,321,No,,Demo,Pilot,,,,"$1,434,600",,,,,,,,,,,,,,,,,,,,
CAREWELL HEALTH MEDICAL CENTER,310083,,New York-Newark-Jersey City,NJ,Northeast,35084,Mandatory,N,678,No,15,678,No,,Active,Live,,,,"$886,200",,,,,,,,,,,,,,,,,,,,
MONMOUTH MEDICAL CENTER-SOUTHERN CAMPUS,310084,,New York-Newark-Jersey City,NJ,Northeast,35154,Mandatory,N,432,No,46,432,No,,Demo,SOW Review,,,,"$721,800",,,,,,,,,,,,,,,,,,,,
SAINT MICHAEL'S MEDICAL CENTER,310096,,New York-Newark-Jersey City,NJ,Northeast,35084,Mandatory,N,174,No,78,174,Partial,,Prospecting,Intro,,,,"$504,600",,,,,,,,,,,,,,,,,,,,
JFK UNIVERSITY MEDICAL CENTER,310108,,New York-Newark-Jersey City,NJ,Northeast,35154,Mandatory,N,384,No,52,384,Partial,,Demo,Pilot,,,,"$995,400",,,,,,,,,,,,,,,,,,,,
CENTRASTATE MEDICAL CENTER,310111,,New York-Newark-Jersey City,NJ,Northeast,35154,Mandatory,N,222,No,72,222,No,,Prospecting,Discovery,,,,"$672,000",,,,,,,,,,,,,,,,,,,,
BAYSHORE MEDICAL CENTER,310112,,New York-Newark-Jersey City,NJ,Northeast,35154,Mandatory,N,229,No,71,229,No,,Prospecting,Discovery,,,,"$555,000",,,,,,,,,,,,,,,,,,,,
SOUTHERN OCEAN MEDICAL CENTER,310113,,New York-Newark-Jersey City,NJ,Northeast,35154,Mandatory,N,237,No,70,237,Yes,,Prospecting,Discovery,,,,"$520,800",,,,,,,,,,,,,,,,,,,,
SECAUCUS UNIVERSITY HOSPITAL,310118,,New York-Newark-Jersey City,NJ,Northeast,35614,Mandatory,N,563,No,30,563,No,,LOI,Contract,,,,"$663,600",,,,,,,,,,,,,,,,,,,,
UNIVERSITY HOSPITAL,310119,,New York-Newark-Jersey City,NJ,Northeast,35084,Mandatory,N,636,No,21,636,Partial,,Active,Live,,,,"$1,244,400",,,,,,,,,,,,,,,,,,,,
HACKENSACK MERIDIAN HEALTH PASCACK VALLEY MEDICAL,310130,,New York-Newark-Jersey City,NJ,Northeast,35614,Mandatory,N,80,No,90,80,No,,Cold,Research,,,,"$260,400",,,,,,,,,,,,,,,,,,,,
UNM HOSPITAL,320001,,Albuquerque,NM,West,10740,Mandatory,N,553,No,31,553,No,,LOI,Contract,,,,"$1,394,400",,,,,,,,,,,,,,,,,,,,
CHRISTUS ST VINCENT REGIONAL MEDICAL CENTER,320002,Christus Health,Santa Fe,NM,West,42140,Mandatory,N,274,No,66,274,Partial,,Prospecting,Discovery,,,,"$547,800",,,,,,,,,,,,,,,,,,,,
SAN JUAN REGIONAL MEDICAL CENTER INC,320005,,Farmington,NM,West,22140,Mandatory,N,536,No,33,536,No,,LOI,Contract,,,,"$807,600",,,,,,,,,,,,,,,,,,,,
LOVELACE MEDICAL CENTER,320009,,Albuquerque,NM,West,10740,Mandatory,N,509,No,36,509,Partial,,LOI,Contract,,,,"$994,800",,,,,,,,,,,,,,,,,,,,
LOVELACE WOMEN'S HOSPITAL,320017,,Albuquerque,NM,West,10740,Mandatory,N,169,No,79,169,Partial,,Prospecting,Intro,,,,"$531,600",,,,,,,,,,,,,,,,,,,,
PRESBYTERIAN HOSPITAL,320021,,Albuquerque,NM,West,10740,Mandatory,N,483,No,40,483,Yes,,LOI,SOW Review,,,,"$2,175,600",,,,,,,,,,,,,,,,,,,,
PLAINS REGIONAL MEDICAL CENTER,320022,,Clovis,NM,West,99932,Mandatory,N,581,No,27,581,Yes,,LOI,Contract,,,,"$660,000",,,,,,,,,,,,,,,,,,,,
LOVELACE WESTSIDE HOSPITAL,320074,,Albuquerque,NM,West,10740,Mandatory,N,199,No,75,199,No,,Prospecting,Intro,,,,"$405,600",,,,,,,,,,,,,,,,,,,,
PRESBYTERIAN SANTA FE MEDICAL CENTER,320090,,Santa Fe,NM,West,42140,Mandatory,N,22,Yes,97,22,Yes,,Cold,Research,,,,"$184,800",,,,,,,,,,,,,,,,,,,,
KALEIDA HEALTH,330005,,Buffalo-Cheektowaga,NY,Northeast,15380,Mandatory,N,328,No,59,328,No,,Demo,Pilot,,,,"$2,077,200",,,,,,,,,,,,,,,,,,,,
ST JOSEPH'S MEDICAL CENTER,330006,,New York-Newark-Jersey City,NY,Northeast,35614,Mandatory,N,712,No,11,712,Yes,,Active,Live,,,,"$819,600",,,,,,,,,,,,,,,,,,,,
BRONXCARE HOSPITAL CENTER,330009,,New York-Newark-Jersey City,NY,Northeast,35614,Mandatory,N,585,No,27,585,Yes,,LOI,Contract,,,,"$1,417,200",,,,,,,,,,,,,,,,,,,,
JAMAICA HOSPITAL MEDICAL CENTER,330014,,New York-Newark-Jersey City,NY,Northeast,35614,Mandatory,N,667,No,17,667,No,,Active,Live,,,,"$1,105,800",,,,,,,,,,,,,,,,,,,,
"NEW YORK COMMUNITY HOSPITAL OF BROOKLYN, INC.",330019,,New York-Newark-Jersey City,NY,Northeast,35614,Mandatory,N,631,No,21,631,Partial,,Active,Live,,,,"$841,200",,,,,,,,,,,,,,,,,,,,
MOUNT SINAI HOSPITAL,330024,Mount Sinai Health System,New York-Newark-Jersey City,NY,Northeast,35614,Mandatory,N,78,No,90,78,Partial,,Cold,Research,,,,"$2,133,600",,,,,,,,,,,,,,,,,,,,
NASSAU UNIVERSITY MEDICAL CENTER,330027,,New York-Newark-Jersey City,NY,Northeast,35004,Mandatory,N,635,No,21,635,Partial,,Active,Live,,,,"$1,186,800",,,,,,,,,,,,,,,,,,,,
RICHMOND UNIVERSITY MEDICAL CENTER,330028,,New York-Newark-Jersey City,NY,Northeast,35614,Mandatory,N,673,No,16,673,No,,Active,Live,,,,"$976,200",,,,,,,,,,,,,,,,,,,,
SOUTH SHORE UNIVERSITY  HOSPITAL,330043,,New York-Newark-Jersey City,NY,Northeast,35004,Mandatory,N,400,No,50,400,Partial,,Demo,SOW Review,,,,"$921,600",,,,,,,,,,,,,,,,,,,,
HUNTINGTON HOSPITAL,330045,,New York-Newark-Jersey City,NY,Northeast,35004,Mandatory,N,39,Yes,95,39,Yes,,Cold,Research,,,,"$604,200",,,,,,,,,,,,,,,,,,,,
MOUNT SINAI WEST,330046,Mount Sinai Health System,New York-Newark-Jersey City,NY,Northeast,35614,Mandatory,N,105,No,87,105,No,,Cold,Intro,,,,"$1,379,400",,,,,,,,,,,,,,,,,,,,
NEW YORK-PRESBYTERIAN/QUEENS,330055,,New York-Newark-Jersey City,NY,Northeast,35614,Mandatory,N,47,Yes,94,47,Yes,,Cold,Research,,,,"$976,800",,,,,,,,,,,,,,,,,,,,
BROOKLYN HOSPITAL CENTER - DOWNTOWN CAMPUS,330056,,New York-Newark-Jersey City,NY,Northeast,35614,Mandatory,N,555,No,31,555,No,,LOI,Contract,,,,"$904,800",,,,,,,,,,,,,,,,,,,,
MONTEFIORE MEDICAL CENTER,330059,,New York-Newark-Jersey City,NY,Northeast,35614,Mandatory,N,363,No,55,363,Yes,,Demo,Pilot,,,,"$2,959,200",,,,,,,,,,,,,,,,,,,,
NIAGARA FALLS MEMORIAL MEDICAL CENTER,330065,,Buffalo-Cheektowaga,NY,Northeast,15380,Mandatory,N,658,No,18,658,No,,Active,Live,,,,"$839,400",,,,,,,,,,,,,,,,,,,,
UNITED MEMORIAL MEDICAL CENTER,330073,,Batavia,NY,Northeast,99933,Mandatory,N,489,No,39,489,Yes,,LOI,SOW Review,,,,"$706,800",,,,,,,,,,,,,,,,,,,,
SISTERS OF CHARITY HOSPITAL,330078,,Buffalo-Cheektowaga,NY,Northeast,15380,Mandatory,N,447,No,44,447,No,,Demo,SOW Review,,,,"$977,400",,,,,,,,,,,,,,,,,,,,
LINCOLN MEDICAL & MENTAL HEALTH CENTER,330080,,New York-Newark-Jersey City,NY,Northeast,35614,Mandatory,N,525,No,34,525,No,,LOI,Contract,,,,"$996,600",,,,,,,,,,,,,,,,,,,,
AURELIA OSBORN FOX MEMORIAL HOSPITAL,330085,,Oneonta,NY,Northeast,99933,Mandatory,N,397,No,50,397,Partial,,Demo,Pilot,,,,"$455,400",,,,,,,,,,,,,,,,,,,,
MONTEFIORE MOUNT VERNON HOSPITAL,330086,,New York-Newark-Jersey City,NY,Northeast,35614,Mandatory,N,452,No,44,452,Yes,,LOI,SOW Review,,,,"$473,400",,,,,,,,,,,,,,,,,,,,
N Y EYE AND EAR INFIRMARY,330100,,New York-Newark-Jersey City,NY,Northeast,35614,Mandatory,N,687,No,14,687,Partial,,Active,Live,,,,"$387,000",,,,,,,,,,,,,,,,,,,,
NEW YORK-PRESBYTERIAN HOSPITAL,330101,,New York-Newark-Jersey City,NY,Northeast,35614,Mandatory,N,4,Yes,100,4,No,,Cold,Research,,,,"$5,250,000",,,,,,,,,,,,,,,,,,,,
KENMORE MERCY HOSPITAL,330102,Mercy,Buffalo-Cheektowaga,NY,Northeast,15380,Mandatory,N,412,No,49,412,No,,Demo,SOW Review,,,,"$646,200",,,,,,,,,,,,,,,,,,,,
NYACK HOSPITAL,330104,,New York-Newark-Jersey City,NY,Northeast,35614,Mandatory,N,544,No,32,544,No,,LOI,Contract,,,,"$906,600",,,,,,,,,,,,,,,,,,,,
NORTH SHORE UNIVERSITY HOSPITAL,330106,,New York-Newark-Jersey City,NY,Northeast,35004,Mandatory,N,13,Yes,98,13,No,,Cold,Research,,,,"$1,527,600",,,,,,,,,,,,,,,,,,,,
PECONIC BAY MEDICAL CENTER,330107,,New York-Newark-Jersey City,NY,Northeast,35004,Mandatory,N,527,No,34,527,No,,LOI,Contract,,,,"$714,000",,,,,,,,,,,,,,,,,,,,
BERTRAND CHAFFEE HOSPITAL,330111,,Buffalo-Cheektowaga,NY,Northeast,15380,Mandatory,N,652,No,19,652,Yes,,Active,Live,,,,"$401,400",,,,,,,,,,,,,,,,,,,,
LENOX HILL HOSPITAL,330119,,New York-Newark-Jersey City,NY,Northeast,35614,Mandatory,N,46,Yes,94,46,Yes,,Cold,Research,,,,"$867,000",,,,,,,,,,,,,,,,,,,,
JACOBI MEDICAL CENTER,330127,,New York-Newark-Jersey City,NY,Northeast,35614,Mandatory,N,590,No,26,590,Yes,,LOI,Contract,,,,"$1,272,000",,,,,,,,,,,,,,,,,,,,
ELMHURST HOSPITAL CENTER,330128,,New York-Newark-Jersey City,NY,Northeast,35614,Mandatory,N,534,No,33,534,No,,LOI,Contract,,,,"$1,124,400",,,,,,,,,,,,,,,,,,,,
MARY IMOGENE BASSETT HOSPITAL,330136,,Oneonta,NY,Northeast,99933,Mandatory,N,605,No,24,605,Partial,,Active,Live,,,,"$768,000",,,,,,,,,,,,,,,,,,,,
LONG ISLAND COMMUNITY HOSPITAL,330141,,New York-Newark-Jersey City,NY,Northeast,35004,Mandatory,N,228,No,72,228,No,,Prospecting,Discovery,,,,"$522,600",,,,,,,,,,,,,,,,,,,,
GOOD SAMARITAN HOSPITAL OF SUFFERN,330158,,New York-Newark-Jersey City,NY,Northeast,35614,Mandatory,N,394,No,51,394,Partial,,Demo,Pilot,,,,"$874,800",,,,,,,,,,,,,,,,,,,,
STATEN ISLAND UNIVERSITY HOSPITAL,330160,,New York-Newark-Jersey City,NY,Northeast,35614,Mandatory,N,295,No,63,295,Partial,,Prospecting,Discovery,,,,"$1,339,200",,,,,,,,,,,,,,,,,,,,
NORTHERN WESTCHESTER HOSPITAL,330162,,New York-Newark-Jersey City,NY,Northeast,35614,Mandatory,N,38,Yes,95,38,Yes,,Cold,Research,,,,"$411,600",,,,,,,,,,,,,,,,,,,,
MOUNT SINAI BETH ISRAEL,330169,Mount Sinai Health System,New York-Newark-Jersey City,NY,Northeast,35614,Mandatory,N,315,No,61,315,No,,Demo,Pilot,,,,"$1,137,600",,,,,,,,,,,,,,,,,,,,
GUTHRIE CORTLAND REGIONAL MEDICAL CENTER,330175,,Cortland,NY,Northeast,99933,Mandatory,N,354,No,56,354,Yes,,Demo,Pilot,,,,"$511,200",,,,,,,,,,,,,,,,,,,,
GLEN COVE HOSPITAL,330181,,New York-Newark-Jersey City,NY,Northeast,35004,Mandatory,N,84,No,90,84,No,,Cold,Research,,,,"$222,600",,,,,,,,,,,,,,,,,,,,
"ST FRANCIS HOSPITAL, ROSLYN",330182,,New York-Newark-Jersey City,NY,Northeast,35004,Mandatory,N,29,Yes,96,29,Yes,,Cold,Research,,,,"$757,200",,,,,,,,,,,,,,,,,,,,
MONTEFIORE NEW ROCHELLE HOSPITAL,330184,,New York-Newark-Jersey City,NY,Northeast,35614,Mandatory,N,705,No,12,705,Yes,,Active,Live,,,,"$853,800",,,,,,,,,,,,,,,,,,,,
JOHN T MATHER MEMORIAL HOSPITAL  OF PORT JEFFERSON,330185,,New York-Newark-Jersey City,NY,Northeast,35004,Mandatory,N,58,No,93,58,Partial,,Cold,Research,,,,"$471,000",,,,,,,,,,,,,,,,,,,,
MOUNT ST MARY'S HOSPITAL AND HEALTH CENTER,330188,,Buffalo-Cheektowaga,NY,Northeast,15380,Mandatory,N,503,No,37,503,Partial,,LOI,Contract,,,,"$795,000",,,,,,,,,,,,,,,,,,,,
FLUSHING HOSPITAL MEDICAL CENTER,330193,,New York-Newark-Jersey City,NY,Northeast,35614,Mandatory,N,560,No,30,560,No,,LOI,Contract,,,,"$924,600",,,,,,,,,,,,,,,,,,,,
MAIMONIDES MEDICAL CENTER,330194,,New York-Newark-Jersey City,NY,Northeast,35614,Mandatory,N,570,No,29,570,Yes,,LOI,Contract,,,,"$1,633,800",,,,,,,,,,,,,,,,,,,,
LONG ISLAND JEWISH MEDICAL CENTER,330195,,New York-Newark-Jersey City,NY,Northeast,35614,Mandatory,N,89,No,89,89,No,,Cold,Research,,,,"$2,315,400",,,,,,,,,,,,,,,,,,,,
SOUTH BROOKLYN HEALTH,330196,,New York-Newark-Jersey City,NY,Northeast,35614,Mandatory,N,532,No,34,532,No,,LOI,Contract,,,,"$933,600",,,,,,,,,,,,,,,,,,,,
CANTON-POTSDAM HOSPITAL,330197,,Massena-Ogdensburg,NY,Northeast,99933,Mandatory,N,596,No,26,596,Yes,,LOI,Contract,,,,"$649,200",,,,,,,,,,,,,,,,,,,,
MOUNT SINAI SOUTH NASSAU,330198,Mount Sinai Health System,New York-Newark-Jersey City,NY,Northeast,35004,Mandatory,N,351,No,56,351,Yes,,Demo,Pilot,,,,"$921,600",,,,,,,,,,,,,,,,,,,,
METROPOLITAN HOSPITAL CENTER,330199,,New York-Newark-Jersey City,NY,Northeast,35614,Mandatory,N,421,No,47,421,No,,Demo,SOW Review,,,,"$712,800",,,,,,,,,,,,,,,,,,,,
KINGS COUNTY HOSPITAL CENTER,330202,,New York-Newark-Jersey City,NY,Northeast,35614,Mandatory,N,669,No,16,669,No,,Active,Live,,,,"$1,285,800",,,,,,,,,,,,,,,,,,,,
BELLEVUE HOSPITAL CENTER,330204,,New York-Newark-Jersey City,NY,Northeast,35614,Mandatory,N,540,No,33,540,No,,LOI,Contract,,,,"$1,428,600",,,,,,,,,,,,,,,,,,,,
ST JOHN'S RIVERSIDE HOSPITAL,330208,,New York-Newark-Jersey City,NY,Northeast,35614,Mandatory,N,510,No,36,510,No,,LOI,Contract,,,,"$934,200",,,,,,,,,,,,,,,,,,,,
NYU LANGONE HOSPITALS,330214,NYU Langone Health,New York-Newark-Jersey City,NY,Northeast,35614,Mandatory,N,3,Yes,100,3,No,,Cold,Research,,,,"$3,016,200",,,,,,,,,,,,,,,,,,,,
ERIE COUNTY MEDICAL CENTER,330219,,Buffalo-Cheektowaga,NY,Northeast,15380,Mandatory,N,577,No,28,577,Yes,,LOI,Contract,,,,"$1,218,000",,,,,,,,,,,,,,,,,,,,
WYCKOFF HEIGHTS MEDICAL CENTER,330221,,New York-Newark-Jersey City,NY,Northeast,35614,Mandatory,N,602,No,25,602,Partial,,Active,Live,,,,"$912,000",,,,,,,,,,,,,,,,,,,,
QUEENS HOSPITAL CENTER,330231,,New York-Newark-Jersey City,NY,Northeast,35614,Mandatory,N,504,No,37,504,Partial,,LOI,Contract,,,,"$840,000",,,,,,,,,,,,,,,,,,,,
BROOKDALE HOSPITAL MEDICAL CENTER,330233,,New York-Newark-Jersey City,NY,Northeast,35614,Mandatory,N,657,No,18,657,No,,Active,Live,,,,"$1,410,000",,,,,,,,,,,,,,,,,,,,
WESTCHESTER MEDICAL CENTER,330234,,New York-Newark-Jersey City,NY,Northeast,35614,Mandatory,N,576,No,28,576,Yes,,LOI,Contract,,,,"$1,732,800",,,,,,,,,,,,,,,,,,,,
HARLEM HOSPITAL CENTER,330240,,New York-Newark-Jersey City,NY,Northeast,35614,Mandatory,N,484,No,40,484,Yes,,LOI,SOW Review,,,,"$870,600",,,,,,,,,,,,,,,,,,,,
ST CHARLES HOSPITAL,330246,,New York-Newark-Jersey City,NY,Northeast,35004,Mandatory,N,75,No,91,75,No,,Cold,Research,,,,"$420,600",,,,,,,,,,,,,,,,,,,,
MERCY MEDICAL CENTER,330259,Mercy,New York-Newark-Jersey City,NY,Northeast,35004,Mandatory,N,79,No,90,79,No,,Cold,Research,,,,"$393,600",,,,,,,,,,,,,,,,,,,,
PHELPS HOSPITAL,330261,,New York-Newark-Jersey City,NY,Northeast,35614,Mandatory,N,240,No,70,240,Yes,,Prospecting,Discovery,,,,"$439,800",,,,,,,,,,,,,,,,,,,,
HUDSON VALLEY HOSPITAL CENTER,330267,,New York-Newark-Jersey City,NY,Northeast,35614,Mandatory,N,74,No,91,74,No,,Cold,Research,,,,"$350,400",,,,,,,,,,,,,,,,,,,,
HOSPITAL FOR SPECIAL SURGERY,330270,,New York-Newark-Jersey City,NY,Northeast,35614,Mandatory,N,30,Yes,96,30,Yes,,Cold,Research,,,,"$418,800",,,,,,,,,,,,,,,,,,,,
PUTNAM HOSPITAL CENTER,330273,,New York-Newark-Jersey City,NY,Northeast,35614,Mandatory,N,398,No,50,398,Partial,,Demo,Pilot,,,,"$518,400",,,,,,,,,,,,,,,,,,,,
MERCY HOSPITAL OF BUFFALO,330279,Mercy,Buffalo-Cheektowaga,NY,Northeast,15380,Mandatory,N,476,No,41,476,Yes,,LOI,SOW Review,,,,"$1,102,800",,,,,,,,,,,,,,,,,,,,
GOOD SAMARITAN HOSPITAL MEDICAL CENTER,330286,,New York-Newark-Jersey City,NY,Northeast,35004,Mandatory,N,346,No,57,346,No,,Demo,Pilot,,,,"$1,146,600",,,,,,,,,,,,,,,,,,,,
WHITE PLAINS HOSPITAL CENTER,330304,,New York-Newark-Jersey City,NY,Northeast,35614,Mandatory,N,68,No,92,68,Partial,,Cold,Research,,,,"$645,600",,,,,,,,,,,,,,,,,,,,
PLAINVIEW HOSPITAL,330331,,New York-Newark-Jersey City,NY,Northeast,35004,Mandatory,N,224,No,72,224,No,,Prospecting,Discovery,,,,"$520,800",,,,,,,,,,,,,,,,,,,,
ST JOSEPH HOSPITAL,330332,,New York-Newark-Jersey City,NY,Northeast,35004,Mandatory,N,427,No,47,427,No,,Demo,SOW Review,,,,"$725,400",,,,,,,,,,,,,,,,,,,,
SUNY HEALTH SCIENCE CENTER AT BROOKLYN UNIVERSITY,330350,,New York-Newark-Jersey City,NY,Northeast,35614,Mandatory,N,668,No,17,668,No,,Active,Live,,,,"$1,082,400",,,,,,,,,,,,,,,,,,,,
STONY BROOK UNIVERSITY HOSPITAL,330393,,New York-Newark-Jersey City,NY,Northeast,35004,Mandatory,N,15,Yes,98,15,Yes,,Cold,Research,,,,"$1,425,000",,,,,,,,,,,,,,,,,,,,
ST JOHN'S EPISCOPAL HOSPITAL AT SOUTH SHORE,330395,,New York-Newark-Jersey City,NY,Northeast,35614,Mandatory,N,680,No,15,680,No,,Active,Live,,,,"$852,000",,,,,,,,,,,,,,,,,,,,
WOODHULL MEDICAL & MENTAL HEALTH CENTER,330396,,New York-Newark-Jersey City,NY,Northeast,35614,Mandatory,N,582,No,27,582,Yes,,LOI,Contract,,,,"$908,400",,,,,,,,,,,,,,,,,,,,
ST BARNABAS HOSPITAL,330399,,New York-Newark-Jersey City,NY,Northeast,35614,Mandatory,N,617,No,23,617,Yes,,Active,Live,,,,"$1,109,400",,,,,,,,,,,,,,,,,,,,
ST CATHERINE OF SIENA HOSPITAL,330401,,New York-Newark-Jersey City,NY,Northeast,35004,Mandatory,N,63,No,92,63,Partial,,Cold,Research,,,,"$577,200",,,,,,,,,,,,,,,,,,,,
HELEN HAYES HOSPITAL,330405,,New York-Newark-Jersey City,NY,Northeast,35614,Mandatory,N,694,No,13,694,Partial,,Active,Live,,,,"$720,000",,,,,,,,,,,,,,,,,,,,
TERENCE CARDINAL COOKE HEALTH CARE CENTER,330410,,New York-Newark-Jersey City,NY,Northeast,,Mandatory,N,697,No,13,697,Partial,,Active,Live,,,,"$720,000",,,,,,,,,,,,,,,,,,,,
HIGH POINT REGIONAL HOSPITAL,340004,,Greensboro-High Point,NC,South,24660,Mandatory,N,584,No,27,584,Yes,,LOI,Contract,,,,"$998,400",,,,,,,,,,,,,,,,,,,,
UNC HEALTH WAYNE,340010,UNC Health,Goldsboro,NC,South,24140,Mandatory,N,454,No,43,454,Yes,,LOI,SOW Review,,,,"$801,000",,,,,,,,,,,,,,,,,,,,
RUTHERFORD REGIONAL MEDICAL CENTER,340013,,Forest City,NC,South,99934,Mandatory,N,502,No,37,502,Partial,,LOI,Contract,,,,"$694,200",,,,,,,,,,,,,,,,,,,,
CENTRAL CAROLINA HOSPITAL,340020,,Sanford,NC,South,99934,Mandatory,N,537,No,33,537,No,,LOI,Contract,,,,"$708,600",,,,,,,,,,,,,,,,,,,,
UNC LENOIR HEALTH CARE,340027,UNC Health,Kinston,NC,South,99934,Mandatory,N,142,No,82,142,Yes,,Cold,Intro,,,,"$560,400",,,,,,,,,,,,,,,,,,,,
UNC ROCKINGHAM,340060,UNC Health,Greensboro-High Point,NC,South,24660,Mandatory,N,137,No,83,137,Yes,,Cold,Intro,,,,"$434,400",,,,,,,,,,,,,,,,,,,,
WAKEMED,340069,,Raleigh-Cary,NC,South,39580,Mandatory,N,96,No,88,96,No,,Cold,Research,,,,"$1,350,600",,,,,,,,,,,,,,,,,,,,
BETSY JOHNSON REGIONAL  HOSPITAL,340071,,Anderson Creek,NC,South,22180,Mandatory,N,469,No,41,469,Yes,,LOI,SOW Review,,,,"$493,200",,,,,,,,,,,,,,,,,,,,
MISSION HOSPITAL MCDOWELL,340087,,Marion,NC,South,99934,Mandatory,N,497,No,38,497,Partial,,LOI,SOW Review,,,,"$419,400",,,,,,,,,,,,,,,,,,,,
JOHNSTON HEALTH,340090,,Raleigh-Cary,NC,South,39580,Mandatory,N,166,No,79,166,Yes,,Prospecting,Intro,,,,"$562,200",,,,,,,,,,,,,,,,,,,,
CONE HEALTH,340091,,Greensboro-High Point,NC,South,24660,Mandatory,N,247,No,69,247,No,,Prospecting,Discovery,,,,"$1,728,000",,,,,,,,,,,,,,,,,,,,
REX HOSPITAL,340114,,Raleigh-Cary,NC,South,39580,Mandatory,N,77,No,90,77,No,,Cold,Research,,,,"$1,000,200",,,,,,,,,,,,,,,,,,,,
RANDOLPH HOSPITAL,340123,,Greensboro-High Point,NC,South,24660,Mandatory,N,124,No,85,124,No,,Cold,Intro,,,,"$501,000",,,,,,,,,,,,,,,,,,,,
CAROLINA EAST MEDICAL CENTER,340131,,New Bern,NC,South,35100,Mandatory,N,106,No,87,106,No,,Cold,Intro,,,,"$796,200",,,,,,,,,,,,,,,,,,,,
WAKEMED,340173,,Raleigh-Cary,NC,South,39580,Mandatory,N,70,No,91,70,No,,Cold,Research,,,,"$519,600",,,,,,,,,,,,,,,,,,,,
HAYWOOD REGIONAL MEDICAL CENTER,340184,,Waynesville,NC,South,11700,Mandatory,N,353,No,56,353,Yes,,Demo,Pilot,,,,"$577,800",,,,,,,,,,,,,,,,,,,,
MERCER COUNTY JOINT TOWNSHIP COMMUNITY HOSPITAL,360058,,Celina,OH,Midwest,99936,Mandatory,N,339,No,58,339,No,,Demo,Pilot,,,,"$518,400",,,,,,,,,,,,,,,,,,,,
FISHER-TITUS HOSPITAL,360065,,Norwalk,OH,Midwest,99936,Mandatory,N,177,No,78,177,Partial,,Prospecting,Intro,,,,"$380,400",,,,,,,,,,,,,,,,,,,,
MERCY HEALTH - SPRINGFIELD REGIONAL MEDICAL CENTER,360086,Mercy,Springfield,OH,Midwest,44220,Mandatory,N,216,No,73,216,No,,Prospecting,Discovery,,,,"$618,000",,,,,,,,,,,,,,,,,,,,
MERCY HEALTH - TIFFIN HOSPITAL,360089,Mercy,Tiffin,OH,Midwest,99936,Mandatory,N,318,No,60,318,No,,Demo,Pilot,,,,"$423,000",,,,,,,,,,,,,,,,,,,,
BLANCHARD VALLEY HOSPITAL,360095,,Findlay,OH,Midwest,99936,Mandatory,N,482,No,40,482,Yes,,LOI,SOW Review,,,,"$633,600",,,,,,,,,,,,,,,,,,,,
COSHOCTON REGIONAL MEDICAL CENTER,360109,,Coshocton,OH,Midwest,99936,Mandatory,N,320,No,60,320,No,,Demo,Pilot,,,,"$340,800",,,,,,,,,,,,,,,,,,,,
TRINITY MEDICAL CTR EAST &TRINITY MEDICAL CTR WEST,360211,,Weirton-Steubenville,OH,Midwest,48260,Mandatory,N,547,No,32,547,No,,LOI,Contract,,,,"$757,200",,,,,,,,,,,,,,,,,,,,
MERCY HEALTH - DEFIANCE HOSPITAL,360270,Mercy,Defiance,OH,Midwest,99936,Mandatory,N,136,No,83,136,Yes,,Cold,Intro,,,,"$281,400",,,,,,,,,,,,,,,,,,,,
OHIO VALLEY SURGICAL HOSPITAL,360355,,Springfield,OH,Midwest,44220,Mandatory,N,674,No,16,674,Yes,,Active,Live,,,,"$403,200",,,,,,,,,,,,,,,,,,,,
HILLCREST MEDICAL CENTER,370001,,Tulsa,OK,South,46140,Mandatory,N,337,No,58,337,No,,Demo,Pilot,,,,"$1,166,400",,,,,,,,,,,,,,,,,,,,
ALLIANCEHEALTH DURANT,370014,,Durant,OK,South,99937,Mandatory,N,619,No,23,619,Partial,,Active,Live,,,,"$789,000",,,,,,,,,,,,,,,,,,,,
JACKSON COUNTY MEMORIAL HOSPITAL AUTHORITY,370022,,Altus,OK,South,99937,Mandatory,N,422,No,47,422,No,,Demo,SOW Review,,,,"$448,200",,,,,,,,,,,,,,,,,,,,
SAINT FRANCIS HOSPITAL MUSKOGEE,370025,,Muskogee,OK,South,99937,Mandatory,N,313,No,61,313,No,,Demo,Pilot,,,,"$784,800",,,,,,,,,,,,,,,,,,,,
HILLCREST HOSPITAL CLAREMORE,370039,,Tulsa,OK,South,46140,Mandatory,N,164,No,80,164,Yes,,Prospecting,Intro,,,,"$313,800",,,,,,,,,,,,,,,,,,,,
OKLAHOMA STATE UNIVERSITY MEDICAL CENTER,370078,,Tulsa,OK,South,46140,Mandatory,N,538,No,33,538,No,,LOI,Contract,,,,"$737,400",,,,,,,,,,,,,,,,,,,,
"SAINT FRANCIS HOSPITAL, INC",370091,,Tulsa,OK,South,46140,Mandatory,N,11,Yes,99,11,No,,Cold,Research,,,,"$1,745,400",,,,,,,,,,,,,,,,,,,,
ASCENSION ST JOHN MEDICAL CENTER,370114,Ascension,Tulsa,OK,South,46140,Mandatory,N,442,No,45,442,No,,Demo,SOW Review,,,,"$1,114,200",,,,,,,,,,,,,,,,,,,,
WAGONER COMMUNITY HOSPITAL,370166,,Tulsa,OK,South,46140,Mandatory,N,458,No,43,458,No,,LOI,SOW Review,,,,"$660,000",,,,,,,,,,,,,,,,,,,,
HILLCREST HOSPITAL HENRYETTA,370183,,Tulsa,OK,South,46140,Mandatory,N,650,No,19,650,Yes,,Active,Live,,,,"$387,000",,,,,,,,,,,,,,,,,,,,
HILLCREST HOSPITAL SOUTH,370202,,Tulsa,OK,South,46140,Mandatory,N,370,No,54,370,Yes,,Demo,Pilot,,,,"$684,000",,,,,,,,,,,,,,,,,,,,
"OKLAHOMA SURGICAL HOSPITAL, LLC",370210,,Tulsa,OK,South,46140,Mandatory,N,65,No,92,65,Partial,,Cold,Research,,,,"$253,200",,,,,,,,,,,,,,,,,,,,
TULSA SPINE & SPECIALTY HOSPITAL,370216,,Tulsa,OK,South,46140,Mandatory,N,714,No,11,714,No,,Active,Live,,,,"$428,400",,,,,,,,,,,,,,,,,,,,
"SAINT FRANCIS HOSPITAL SOUTH, LLC",370218,,Tulsa,OK,South,46140,Mandatory,N,43,Yes,95,43,Yes,,Cold,Research,,,,"$307,200",,,,,,,,,,,,,,,,,,,,
ASCENSION ST JOHN OWASSO,370227,Ascension,Tulsa,OK,South,46140,Mandatory,N,83,No,90,83,No,,Cold,Research,,,,"$217,200",,,,,,,,,,,,,,,,,,,,
"BAILEY MEDICAL CENTER, LLC",370228,,Tulsa,OK,South,46140,Mandatory,N,23,Yes,97,23,Yes,,Cold,Research,,,,"$179,400",,,,,,,,,,,,,,,,,,,,
ASCENSION ST JOHN BROKEN ARROW,370235,Ascension,Tulsa,OK,South,46140,Mandatory,N,167,No,79,167,Partial,,Prospecting,Intro,,,,"$351,600",,,,,,,,,,,,,,,,,,,,
CARRUS LAKESIDE HOSPITAL,370246,,Tulsa,OK,South,,Mandatory,N,693,No,13,693,Partial,,Active,Live,,,,"$720,000",,,,,,,,,,,,,,,,,,,,
PROVIDENCE ST VINCENT MEDICAL CENTER,380004,Providence,Portland-Vancouver-Hillsboro,OR,West,38900,Mandatory,N,85,No,89,85,Partial,,Cold,Research,,,,"$1,158,000",,,,,,,,,,,,,,,,,,,,
LEGACY EMANUEL MEDICAL CENTER,380007,,Portland-Vancouver-Hillsboro,OR,West,38900,Mandatory,N,451,No,44,451,Yes,,LOI,SOW Review,,,,"$1,058,400",,,,,,,,,,,,,,,,,,,,
OHSU HOSPITAL AND CLINICS,380009,,Portland-Vancouver-Hillsboro,OR,West,38900,Mandatory,N,439,No,45,439,No,,Demo,SOW Review,,,,"$1,371,600",,,,,,,,,,,,,,,,,,,,
LEGACY GOOD SAMARITAN MEDICAL CENTER,380017,,Portland-Vancouver-Hillsboro,OR,West,38900,Mandatory,N,179,No,78,179,Partial,,Prospecting,Intro,,,,"$558,600",,,,,,,,,,,,,,,,,,,,
HILLSBORO MEDICAL CENTER,380021,,Portland-Vancouver-Hillsboro,OR,West,38900,Mandatory,N,488,No,39,488,Partial,,LOI,SOW Review,,,,"$563,400",,,,,,,,,,,,,,,,,,,,
LEGACY MOUNT HOOD MEDICAL CENTER,380025,,Portland-Vancouver-Hillsboro,OR,West,38900,Mandatory,N,445,No,44,445,No,,Demo,SOW Review,,,,"$538,200",,,,,,,,,,,,,,,,,,,,
PROVIDENCE NEWBERG MEDICAL CENTER,380037,Providence,Portland-Vancouver-Hillsboro,OR,West,38900,Mandatory,N,101,No,87,101,No,,Cold,Intro,,,,"$312,000",,,,,,,,,,,,,,,,,,,,
PROVIDENCE WILLAMETTE FALLS MEDICAL CENTER,380038,Providence,Portland-Vancouver-Hillsboro,OR,West,38900,Mandatory,N,119,No,85,119,No,,Cold,Intro,,,,"$421,800",,,,,,,,,,,,,,,,,,,,
ST CHARLES BEND CAMPUS,380047,,Bend,OR,West,13460,Mandatory,N,99,No,88,99,No,,Cold,Research,,,,"$808,800",,,,,,,,,,,,,,,,,,,,
SKY LAKES MEDICAL CENTER,380050,,Klamath Falls,OR,West,99938,Mandatory,N,441,No,45,441,No,,Demo,SOW Review,,,,"$642,000",,,,,,,,,,,,,,,,,,,,
ADVENTIST HEALTH PORTLAND,380060,Adventist Health,Portland-Vancouver-Hillsboro,OR,West,38900,Mandatory,N,158,No,80,158,Yes,,Prospecting,Intro,,,,"$542,400",,,,,,,,,,,,,,,,,,,,
PROVIDENCE PORTLAND MEDICAL CENTER,380061,Providence,Portland-Vancouver-Hillsboro,OR,West,38900,Mandatory,N,117,No,85,117,No,,Cold,Intro,,,,"$943,800",,,,,,,,,,,,,,,,,,,,
WILLAMETTE VALLEY MEDICAL CENTER,380071,,Portland-Vancouver-Hillsboro,OR,West,38900,Mandatory,N,463,No,42,463,No,,LOI,SOW Review,,,,"$570,000",,,,,,,,,,,,,,,,,,,,
PROVIDENCE MILWAUKIE HOSPITAL,380082,Providence,Portland-Vancouver-Hillsboro,OR,West,38900,Mandatory,N,462,No,42,462,Yes,,LOI,SOW Review,,,,"$444,600",,,,,,,,,,,,,,,,,,,,
LEGACY MERIDIAN PARK MEDICAL CENTER,380089,,Portland-Vancouver-Hillsboro,OR,West,38900,Mandatory,N,573,No,28,573,Yes,,LOI,Contract,,,,"$678,000",,,,,,,,,,,,,,,,,,,,
KAISER SUNNYSIDE MEDICAL CENTER,380091,Kaiser Permanente,Portland-Vancouver-Hillsboro,OR,West,38900,Mandatory,N,254,No,68,254,Yes,,Prospecting,Discovery,,,,"$783,600",,,,,,,,,,,,,,,,,,,,
KAISER FOUNDATION HOSPITAL WESTSIDE,380103,Kaiser Permanente,Portland-Vancouver-Hillsboro,OR,West,38900,Mandatory,N,107,No,87,107,No,,Cold,Intro,,,,"$459,600",,,,,,,,,,,,,,,,,,,,
PENN STATE HEALTH HOLY SPIRIT MEDICAL CENTER,390004,,Harrisburg-Carlisle,PA,Northeast,25420,Mandatory,N,429,No,46,429,No,,Demo,SOW Review,,,,"$772,200",,,,,,,,,,,,,,,,,,,,
GEISINGER MEDICAL CENTER,390006,,Sunbury,PA,Northeast,14100,Mandatory,N,263,No,67,263,Yes,,Prospecting,Discovery,,,,"$1,222,800",,,,,,,,,,,,,,,,,,,,
SAINT VINCENT HOSPITAL,390009,,Erie,PA,Northeast,21500,Mandatory,N,157,No,80,157,Yes,,Prospecting,Intro,,,,"$808,800",,,,,,,,,,,,,,,,,,,,
LEHIGH VALLEY HOSPITAL-SCHUYLKILL,390030,,Pottsville,PA,Northeast,99939,Mandatory,N,244,No,70,244,Yes,,Prospecting,Discovery,,,,"$452,400",,,,,,,,,,,,,,,,,,,,
UNIONTOWN HOSPITAL,390041,,Pittsburgh,PA,Northeast,38300,Mandatory,N,587,No,27,587,Yes,,LOI,Contract,,,,"$721,200",,,,,,,,,,,,,,,,,,,,
READING HOSPITAL,390044,,Reading,PA,Northeast,33874,Mandatory,N,268,No,67,268,Partial,,Prospecting,Discovery,,,,"$1,284,000",,,,,,,,,,,,,,,,,,,,
GEISINGER-LEWISTOWN HOSPITAL,390048,,Lewistown,PA,Northeast,99939,Mandatory,N,66,No,92,66,Partial,,Cold,Research,,,,"$359,400",,,,,,,,,,,,,,,,,,,,
UPMC CARLISLE,390058,,Harrisburg-Carlisle,PA,Northeast,25420,Mandatory,N,236,No,71,236,Yes,,Prospecting,Discovery,,,,"$358,800",,,,,,,,,,,,,,,,,,,,
UPMC HAMOT,390063,,Erie,PA,Northeast,21500,Mandatory,N,357,No,55,357,Yes,,Demo,Pilot,,,,"$1,101,600",,,,,,,,,,,,,,,,,,,,
UPMC PINNACLE HOSPITALS,390067,,Harrisburg-Carlisle,PA,Northeast,25420,Mandatory,N,148,No,82,148,Yes,,Cold,Intro,,,,"$1,194,000",,,,,,,,,,,,,,,,,,,,
PENN HIGHLANDS DUBOIS,390086,,DuBois,PA,Northeast,99939,Mandatory,N,598,No,25,598,Yes,,LOI,Contract,,,,"$949,800",,,,,,,,,,,,,,,,,,,,
UPMC NORTHWEST,390091,,Oil City,PA,Northeast,99939,Mandatory,N,196,No,76,196,No,,Prospecting,Intro,,,,"$490,200",,,,,,,,,,,,,,,,,,,,
PENN STATE HEALTH ST. JOSEPH,390096,,Reading,PA,Northeast,39740,Mandatory,N,425,No,47,425,No,,Demo,SOW Review,,,,"$657,000",,,,,,,,,,,,,,,,,,,,
MEADVILLE MEDICAL CENTER,390113,,Meadville,PA,Northeast,99939,Mandatory,N,145,No,82,145,Yes,,Cold,Intro,,,,"$600,000",,,,,,,,,,,,,,,,,,,,
WARREN GENERAL HOSPITAL,390146,,Warren,PA,Northeast,99939,Mandatory,N,444,No,45,444,No,,Demo,SOW Review,,,,"$513,000",,,,,,,,,,,,,,,,,,,,
INDIANA REGIONAL MEDICAL CENTER,390173,,Indiana,PA,Northeast,99939,Mandatory,N,608,No,24,608,Partial,,Active,Live,,,,"$721,200",,,,,,,,,,,,,,,,,,,,
UPMC HORIZON,390178,,Hermitage,PA,Northeast,49660,Mandatory,N,305,No,62,305,No,,Demo,Pilot,,,,"$418,200",,,,,,,,,,,,,,,,,,,,
ST LUKE'S MINERS MEMORIAL HOSPITAL,390183,,Pottsville,PA,Northeast,99939,Mandatory,N,108,No,87,108,No,,Cold,Intro,,,,"$328,200",,,,,,,,,,,,,,,,,,,,
LECOM MEDICAL CENTER AND BEHAVIORAL HEALTH PAV,390198,,Erie,PA,Northeast,21500,Mandatory,N,647,No,19,647,No,,Active,Live,,,,"$823,200",,,,,,,,,,,,,,,,,,,,
SHARON REGIONAL MEDICAL CENTER,390211,,Hermitage,PA,Northeast,49660,Mandatory,N,348,No,57,348,No,,Demo,Pilot,,,,"$613,800",,,,,,,,,,,,,,,,,,,,
MILTON S HERSHEY MEDICAL CENTER,390256,,Harrisburg-Carlisle,PA,Northeast,25420,Mandatory,N,115,No,86,115,No,,Cold,Intro,,,,"$1,372,200",,,,,,,,,,,,,,,,,,,,
GROVE CITY HOSPITAL,390266,,Hermitage,PA,Northeast,49660,Mandatory,N,92,No,89,92,No,,Cold,Research,,,,"$360,600",,,,,,,,,,,,,,,,,,,,
EDGEWOOD SURGICAL HOSPITAL,390307,,Hermitage,PA,Northeast,49660,Mandatory,N,689,No,14,689,Partial,,Active,Live,,,,"$378,000",,,,,,,,,,,,,,,,,,,,
SURGICAL INSTITUTE OF READING,390316,,Reading,PA,Northeast,39740,Mandatory,N,671,No,16,671,Yes,,Active,Live,,,,"$387,000",,,,,,,,,,,,,,,,,,,,
GEISINGER ST. LUKE'S  HOSPITAL,390332,,Pottsville,PA,Northeast,99939,Mandatory,N,52,No,94,52,Partial,,Cold,Research,,,,"$228,000",,,,,,,,,,,,,,,,,,,,
PENN STATE HEALTH HAMPDEN MEDICAL CENTER,390336,,Harrisburg-Carlisle,PA,Northeast,25420,Mandatory,N,251,No,69,251,Yes,,Prospecting,Discovery,,,,"$387,600",,,,,,,,,,,,,,,,,,,,
HOSPITAL  COMUNITARIO BUEN SAMARITANO INC,400079,,Aguadilla,PR,South,10380,Mandatory,N,677,No,15,677,Yes,,Active,Live,,,,"$558,000",,,,,,,,,,,,,,,,,,,,
HOSPITAL SAN CARLOS BORROMEO,400111,,Aguadilla,PR,South,10380,Mandatory,N,679,No,15,679,Yes,,Active,Live,,,,"$531,000",,,,,,,,,,,,,,,,,,,,
ROGER WILLIAMS MEDICAL CENTER,410004,,Providence-Warwick,RI,Northeast,39300,Mandatory,N,377,No,53,377,Yes,,Demo,Pilot,,,,"$626,400",,,,,,,,,,,,,,,,,,,,
OUR LADY OF FATIMA HOSPITAL,410005,,Providence-Warwick,RI,Northeast,39300,Mandatory,N,324,No,60,324,No,,Demo,Pilot,,,,"$693,000",,,,,,,,,,,,,,,,,,,,
NEWPORT HOSPITAL,410006,,Providence-Warwick,RI,Northeast,39300,Mandatory,N,238,No,70,238,Yes,,Prospecting,Discovery,,,,"$358,800",,,,,,,,,,,,,,,,,,,,
RHODE ISLAND HOSPITAL,410007,,Providence-Warwick,RI,Northeast,39300,Mandatory,N,90,No,89,90,No,,Cold,Research,,,,"$1,410,000",,,,,,,,,,,,,,,,,,,,
SOUTH COUNTY HOSPITAL INC,410008,,Providence-Warwick,RI,Northeast,39300,Mandatory,N,297,No,63,297,No,,Prospecting,Discovery,,,,"$382,200",,,,,,,,,,,,,,,,,,,,
KENT COUNTY MEMORIAL HOSPITAL,410009,,Providence-Warwick,RI,Northeast,39300,Mandatory,N,478,No,40,478,Yes,,LOI,SOW Review,,,,"$941,400",,,,,,,,,,,,,,,,,,,,
WOMEN & INFANTS HOSPITAL OF RHODE ISLAND,410010,,Providence-Warwick,RI,Northeast,39300,Mandatory,N,153,No,81,153,Yes,,Prospecting,Intro,,,,"$684,600",,,,,,,,,,,,,,,,,,,,
LANDMARK MEDICAL CENTER,410011,,Providence-Warwick,RI,Northeast,39300,Mandatory,N,524,No,35,524,No,,LOI,Contract,,,,"$683,400",,,,,,,,,,,,,,,,,,,,
THE MIRIAM HOSPITAL,410012,,Providence-Warwick,RI,Northeast,39300,Mandatory,N,159,No,80,159,Yes,,Prospecting,Intro,,,,"$684,600",,,,,,,,,,,,,,,,,,,,
WESTERLY HOSPITAL,410013,,Providence-Warwick,RI,Northeast,39300,Mandatory,N,186,No,77,186,Partial,,Prospecting,Intro,,,,"$378,600",,,,,,,,,,,,,,,,,,,,
CAROLINA PINES REGIONAL MEDICAL CENTER,420010,,Florence,SC,South,22500,Mandatory,N,529,No,34,529,No,,LOI,Contract,,,,"$681,600",,,,,,,,,,,,,,,,,,,,
CANNON MEMORIAL HOSPITAL,420011,,Greenville-Anderson-Greer,SC,South,24860,Mandatory,N,701,No,12,701,Partial,,Active,Live,,,,"$435,600",,,,,,,,,,,,,,,,,,,,
PRISMA HEALTH BAPTIST EASLEY HOSPITAL,420015,,Greenville-Anderson-Greer,SC,South,24860,Mandatory,N,326,No,59,326,No,,Demo,Pilot,,,,"$373,200",,,,,,,,,,,,,,,,,,,,
ST FRANCIS-DOWNTOWN,420023,,Greenville-Anderson-Greer,SC,South,24860,Mandatory,N,175,No,78,175,Partial,,Prospecting,Intro,,,,"$819,600",,,,,,,,,,,,,,,,,,,,
ANMED HEALTH,420027,,Greenville-Anderson-Greer,SC,South,24860,Mandatory,N,221,No,72,221,No,,Prospecting,Discovery,,,,"$900,600",,,,,,,,,,,,,,,,,,,,
PRISMA HEALTH HILLCREST HOSPITAL,420037,,Greenville-Anderson-Greer,SC,South,24860,Mandatory,N,330,No,59,330,No,,Demo,Pilot,,,,"$317,400",,,,,,,,,,,,,,,,,,,,
PRISMA HEALTH LAURENS COUNTY HOSPITAL,420038,,Greenville-Anderson-Greer,SC,South,24860,Mandatory,N,180,No,78,180,Partial,,Prospecting,Intro,,,,"$322,800",,,,,,,,,,,,,,,,,,,,
MCLEOD REGIONAL MEDICAL CENTER-PEE DEE,420051,,Florence,SC,South,22500,Mandatory,N,307,No,62,307,No,,Demo,Pilot,,,,"$1,303,200",,,,,,,,,,,,,,,,,,,,
SELF REGIONAL HEALTHCARE,420071,,Greenwood,SC,South,99942,Mandatory,N,209,No,74,209,No,,Prospecting,Discovery,,,,"$762,000",,,,,,,,,,,,,,,,,,,,
PRISMA HEALTH GREENVILLE MEMORIAL HOSPITAL,420078,,Greenville-Anderson-Greer,SC,South,24860,Mandatory,N,104,No,87,104,No,,Cold,Intro,,,,"$1,521,600",,,,,,,,,,,,,,,,,,,,
MUSC HEALTH FLORENCE MEDICAL CENTER,420091,,Florence,SC,South,22500,Mandatory,N,468,No,42,468,Yes,,LOI,SOW Review,,,,"$696,600",,,,,,,,,,,,,,,,,,,,
PRISMA HEALTH  PATEWOOD HOSPITAL,420102,,Greenville-Anderson-Greer,SC,South,24860,Mandatory,N,35,Yes,96,35,Yes,,Cold,Research,,,,"$235,200",,,,,,,,,,,,,,,,,,,,
MONUMENT HEALTH SPEARFISH HOSPITAL,430048,,Spearfish,SD,Midwest,99943,Mandatory,N,189,No,76,189,No,,Prospecting,Intro,,,,"$283,200",,,,,,,,,,,,,,,,,,,,
HIGHPOINT HEALTH-SUMNER WITH ASCENSION SAINT THOMA,440003,Ascension,Nashville-Davidson--Murfreesboro--Franklin,TN,South,34980,Mandatory,N,393,No,51,393,Partial,,Demo,Pilot,,,,"$608,400",,,,,,,,,,,,,,,,,,,,
TRISTAR SKYLINE MEDICAL CENTER,440006,,Nashville-Davidson--Murfreesboro--Franklin,TN,South,34980,Mandatory,N,539,No,33,539,No,,LOI,Contract,,,,"$1,099,200",,,,,,,,,,,,,,,,,,,,
BRISTOL REGIONAL MEDICAL CENTER,440012,,Kingsport-Bristol,TN,South,28700,Mandatory,N,545,No,32,545,No,,LOI,Contract,,,,"$919,200",,,,,,,,,,,,,,,,,,,,
HOLSTON VALLEY MEDICAL CENTER,440017,,Kingsport-Bristol,TN,South,28700,Mandatory,N,620,No,23,620,Partial,,Active,Live,,,,"$1,002,000",,,,,,,,,,,,,,,,,,,,
WILLIAMSON MEDICAL CENTER,440029,,Nashville-Davidson--Murfreesboro--Franklin,TN,South,34980,Mandatory,N,71,No,91,71,No,,Cold,Research,,,,"$501,600",,,,,,,,,,,,,,,,,,,,
HAWKINS COUNTY MEMORIAL HOSPITAL,440032,,Kingsport-Bristol,TN,South,28700,Mandatory,N,681,No,15,681,Yes,,Active,Live,,,,"$370,800",,,,,,,,,,,,,,,,,,,,
VANDERBILT UNIVERSITY MEDICAL CENTER,440039,Vanderbilt Health,Nashville-Davidson--Murfreesboro--Franklin,TN,South,34980,Mandatory,N,67,No,92,67,Partial,,Cold,Research,,,,"$2,071,200",,,,,,,,,,,,,,,,,,,,
TRISTAR HORIZON MEDICAL CENTER,440046,,Nashville-Davidson--Murfreesboro--Franklin,TN,South,34980,Mandatory,N,380,No,53,380,Yes,,Demo,Pilot,,,,"$558,000",,,,,,,,,,,,,,,,,,,,
BAPTIST MEMORIAL HOSPITAL,440048,,Memphis,TN,South,32820,Mandatory,N,411,No,49,411,No,,Demo,SOW Review,,,,"$1,800,000",,,,,,,,,,,,,,,,,,,,
METHODIST HOSPITALS OF MEMPHIS,440049,Methodist,Memphis,TN,South,32820,Mandatory,N,214,No,73,214,No,,Prospecting,Discovery,,,,"$2,739,600",,,,,,,,,,,,,,,,,,,,
ASCENSION SAINT THOMAS RUTHERFORD HOSPITAL,440053,Ascension,Nashville-Davidson--Murfreesboro--Franklin,TN,South,34980,Mandatory,N,294,No,63,294,Partial,,Prospecting,Discovery,,,,"$1,018,800",,,,,,,,,,,,,,,,,,,,
TRISTAR NORTHCREST MEDICAL CENTER,440065,,Nashville-Davidson--Murfreesboro--Franklin,TN,South,34980,Mandatory,N,325,No,59,325,No,,Demo,Pilot,,,,"$556,200",,,,,,,,,,,,,,,,,,,,
MAURY REGIONAL HOSPITAL,440073,,Nashville-Davidson--Murfreesboro--Franklin,TN,South,34980,Mandatory,N,392,No,51,392,Partial,,Demo,Pilot,,,,"$799,200",,,,,,,,,,,,,,,,,,,,
ASCENSION SAINT THOMAS HOSPITAL,440082,Ascension,Nashville-Davidson--Murfreesboro--Franklin,TN,South,34980,Mandatory,N,259,No,68,259,Yes,,Prospecting,Discovery,,,,"$1,594,800",,,,,,,,,,,,,,,,,,,,
METRO NASHVILLE GENERAL HOSPITAL,440111,,Nashville-Davidson--Murfreesboro--Franklin,TN,South,34980,Mandatory,N,194,No,76,194,No,,Prospecting,Intro,,,,"$445,200",,,,,,,,,,,,,,,,,,,,
BAPTIST MEMORIAL HOSPITAL UNION CITY,440130,,Union City,TN,South,99944,Mandatory,N,271,No,66,271,Partial,,Prospecting,Discovery,,,,"$317,400",,,,,,,,,,,,,,,,,,,,
BAPTIST MEMORIAL HOSPITAL TIPTON,440131,,Memphis,TN,South,32820,Mandatory,N,345,No,57,345,No,,Demo,Pilot,,,,"$446,400",,,,,,,,,,,,,,,,,,,,
TRISTAR SUMMIT MEDICAL CENTER,440150,,Nashville-Davidson--Murfreesboro--Franklin,TN,South,34980,Mandatory,N,184,No,77,184,Partial,,Prospecting,Intro,,,,"$578,400",,,,,,,,,,,,,,,,,,,,
REGIONAL ONE HEALTH,440152,,Memphis,TN,South,32820,Mandatory,N,639,No,20,639,No,,Active,Live,,,,"$1,123,800",,,,,,,,,,,,,,,,,,,,
TRISTAR CENTENNIAL MEDICAL CENTER,440161,,Nashville-Davidson--Murfreesboro--Franklin,TN,South,34980,Mandatory,N,103,No,87,103,No,,Cold,Intro,,,,"$1,383,000",,,,,,,,,,,,,,,,,,,,
INDIAN PATH COMMUNITY HOSPITAL,440176,,Kingsport-Bristol,TN,South,28700,Mandatory,N,683,No,15,683,Yes,,Active,Live,,,,"$432,000",,,,,,,,,,,,,,,,,,,,
ST FRANCIS HOSPITAL,440183,,Memphis,TN,South,32820,Mandatory,N,621,No,22,621,Partial,,Active,Live,,,,"$1,201,200",,,,,,,,,,,,,,,,,,,,
VANDERBILT WILSON COUNTY HOSPITAL,440193,Vanderbilt Health,Nashville-Davidson--Murfreesboro--Franklin,TN,South,34980,Mandatory,N,59,No,93,59,Partial,,Cold,Research,,,,"$330,600",,,,,,,,,,,,,,,,,,,,
TRISTAR HENDERSONVILLE MEDICAL CENTER,440194,,Nashville-Davidson--Murfreesboro--Franklin,TN,South,34980,Mandatory,N,185,No,77,185,Partial,,Prospecting,Intro,,,,"$468,600",,,,,,,,,,,,,,,,,,,,
TRISTAR SOUTHERN HILLS MEDICAL CENTER,440197,,Nashville-Davidson--Murfreesboro--Franklin,TN,South,34980,Mandatory,N,258,No,68,258,Yes,,Prospecting,Discovery,,,,"$438,000",,,,,,,,,,,,,,,,,,,,
ASCENSION SAINT THOMAS STONES RIVER HOSPITAL,440200,Ascension,Nashville-Davidson--Murfreesboro--Franklin,TN,South,34980,Mandatory,N,684,No,15,684,Partial,,Active,Live,,,,"$397,800",,,,,,,,,,,,,,,,,,,,
SAINT THOMAS HOSPITAL FOR SPECIALTY SURGERY,440218,,Nashville-Davidson--Murfreesboro--Franklin,TN,South,34980,Mandatory,N,716,No,11,716,No,,Active,Live,,,,"$401,400",,,,,,,,,,,,,,,,,,,,
TRISTAR STONECREST MEDICAL CENTER,440227,,Nashville-Davidson--Murfreesboro--Franklin,TN,South,34980,Mandatory,N,218,No,73,218,No,,Prospecting,Discovery,,,,"$447,000",,,,,,,,,,,,,,,,,,,,
SAINT FRANCIS BARTLETT MEDICAL CENTER,440228,,Memphis,TN,South,32820,Mandatory,N,646,No,19,646,No,,Active,Live,,,,"$952,800",,,,,,,,,,,,,,,,,,,,
TRUSTPOINT HOSPITAL,440231,,Nashville-Davidson--Murfreesboro--Franklin,TN,South,34980,Mandatory,N,686,No,14,686,Partial,,Active,Live,,,,"$392,400",,,,,,,,,,,,,,,,,,,,
UNITED REGIONAL HEALTH CARE SYSTEM,450010,,Wichita Falls,TX,South,48660,Mandatory,N,523,No,35,523,No,,LOI,Contract,,,,"$799,200",,,,,,,,,,,,,,,,,,,,
TITUS REGIONAL MEDICAL CENTER,450080,,Mount Pleasant,TX,South,99945,Mandatory,N,391,No,51,391,Partial,,Demo,Pilot,,,,"$448,200",,,,,,,,,,,,,,,,,,,,
MIDLAND MEMORIAL HOSPITAL,450133,,Midland,TX,South,33260,Mandatory,N,707,No,12,707,Yes,,Active,Live,,,,"$1,082,400",,,,,,,,,,,,,,,,,,,,
PARIS REGIONAL HEALTH,450196,,Paris,TX,South,99945,Mandatory,N,642,No,20,642,No,,Active,Live,,,,"$816,000",,,,,,,,,,,,,,,,,,,,
NORTHWEST TEXAS HOSPITAL,450209,,Amarillo,TX,South,11100,Mandatory,N,342,No,57,342,No,,Demo,Pilot,,,,"$950,400",,,,,,,,,,,,,,,,,,,,
BSA HOSPITAL,450231,,Amarillo,TX,South,11100,Mandatory,N,526,No,34,526,No,,LOI,Contract,,,,"$1,122,600",,,,,,,,,,,,,,,,,,,,
HUNTSVILLE MEMORIAL HOSPITAL,450347,,Huntsville,TX,South,99945,Mandatory,N,568,No,29,568,Yes,,LOI,Contract,,,,"$690,600",,,,,,,,,,,,,,,,,,,,
UT HEALTH EAST TEXAS ATHENS HOSPITAL,450389,,Athens,TX,South,99945,Mandatory,N,559,No,30,559,No,,LOI,Contract,,,,"$708,600",,,,,,,,,,,,,,,,,,,,
PALO PINTO GENERAL HOSPITAL,450565,,Mineral Wells,TX,South,99945,Mandatory,N,472,No,41,472,Yes,,LOI,SOW Review,,,,"$446,400",,,,,,,,,,,,,,,,,,,,
HILL COUNTRY MEMORIAL HOSPITAL,450604,,Fredericksburg,TX,South,99945,Mandatory,N,232,No,71,232,Yes,,Prospecting,Discovery,,,,"$342,600",,,,,,,,,,,,,,,,,,,,
QUAIL CREEK SURGICAL HOSPITAL,450875,,Amarillo,TX,South,11100,Mandatory,N,703,No,12,703,Partial,,Active,Live,,,,"$432,000",,,,,,,,,,,,,,,,,,,,
CASTLEVIEW HOSPITAL,460011,,Price,UT,West,99946,Mandatory,N,564,No,30,564,No,,LOI,Contract,,,,"$550,200",,,,,,,,,,,,,,,,,,,,
INTERMOUNTAIN HEALTH ST GEORGE REGIONAL HOSPITAL,460021,Intermountain Health,St. George,UT,West,41100,Mandatory,N,31,Yes,96,31,Yes,,Cold,Research,,,,"$580,800",,,,,,,,,,,,,,,,,,,,
ASHLEY REGIONAL MEDICAL CENTER,460030,,Vernal,UT,West,99946,Mandatory,N,93,No,88,93,No,,Cold,Research,,,,"$310,200",,,,,,,,,,,,,,,,,,,,
UVA HEALTH CULPEPER MEDICAL CENTER,490019,,Washington-Arlington-Alexandria,VA,South,47894,Mandatory,N,630,No,21,630,No,,Active,Live,,,,"$606,000",,,,,,,,,,,,,,,,,,,,
"MARY WASHINGTON HOSPITAL, INC",490022,,Washington-Arlington-Alexandria,VA,South,47894,Mandatory,N,298,No,63,298,Partial,,Prospecting,Discovery,,,,"$1,105,200",,,,,,,,,,,,,,,,,,,,
FAUQUIER HOSPITAL,490023,,Washington-Arlington-Alexandria,VA,South,47894,Mandatory,N,414,No,48,414,No,,Demo,SOW Review,,,,"$534,600",,,,,,,,,,,,,,,,,,,,
WARREN MEMORIAL HOSPITAL,490033,,Washington-Arlington-Alexandria,VA,South,47894,Mandatory,N,580,No,28,580,Yes,,LOI,Contract,,,,"$544,800",,,,,,,,,,,,,,,,,,,,
INOVA ALEXANDRIA HOSPITAL,490040,,Washington-Arlington-Alexandria,VA,South,47894,Mandatory,N,27,Yes,97,27,Yes,,Cold,Research,,,,"$665,400",,,,,,,,,,,,,,,,,,,,
INOVA LOUDOUN HOSPITAL,490043,,Washington-Arlington-Alexandria,VA,South,47894,Mandatory,N,53,No,93,53,Partial,,Cold,Research,,,,"$460,200",,,,,,,,,,,,,,,,,,,,
UVA HEALTH PRINCE WILLIAM MEDICAL CENTER,490045,,Washington-Arlington-Alexandria,VA,South,47894,Mandatory,N,431,No,46,431,No,,Demo,SOW Review,,,,"$525,600",,,,,,,,,,,,,,,,,,,,
VIRGINIA HOSPITAL CENTER,490050,,Washington-Arlington-Alexandria,VA,South,47894,Mandatory,N,144,No,82,144,Yes,,Cold,Intro,,,,"$933,000",,,,,,,,,,,,,,,,,,,,
JOHNSTON MEMORIAL HOSPITAL,490053,,Kingsport-Bristol,VA,South,28700,Mandatory,N,413,No,48,413,No,,Demo,SOW Review,,,,"$540,000",,,,,,,,,,,,,,,,,,,,
INOVA FAIRFAX HOSPITAL,490063,,Washington-Arlington-Alexandria,VA,South,47894,Mandatory,N,8,Yes,99,8,No,,Cold,Research,,,,"$1,754,400",,,,,,,,,,,,,,,,,,,,
INOVA FAIR OAKS HOSPITAL,490101,,Washington-Arlington-Alexandria,VA,South,47894,Mandatory,N,40,Yes,95,40,Yes,,Cold,Research,,,,"$433,200",,,,,,,,,,,,,,,,,,,,
RESTON HOSPITAL CENTER,490107,,Washington-Arlington-Alexandria,VA,South,47894,Mandatory,N,375,No,53,375,Yes,,Demo,Pilot,,,,"$721,800",,,,,,,,,,,,,,,,,,,,
SENTARA NORTHERN VIRGINIA MEDICAL CENTER,490113,Sentara Health,Washington-Arlington-Alexandria,VA,South,47894,Mandatory,N,364,No,55,364,Yes,,Demo,Pilot,,,,"$624,600",,,,,,,,,,,,,,,,,,,,
INOVA MOUNT VERNON HOSPITAL,490122,,Washington-Arlington-Alexandria,VA,South,47894,Mandatory,N,205,No,74,205,No,,Prospecting,Discovery,,,,"$434,400",,,,,,,,,,,,,,,,,,,,
"STAFFORD HOSPITAL, LLC",490140,,Washington-Arlington-Alexandria,VA,South,47894,Mandatory,N,116,No,86,116,No,,Cold,Intro,,,,"$398,400",,,,,,,,,,,,,,,,,,,,
SPOTSYLVANIA REGIONAL MEDICAL CENTER,490141,,Washington-Arlington-Alexandria,VA,South,47894,Mandatory,N,396,No,51,396,Partial,,Demo,Pilot,,,,"$556,200",,,,,,,,,,,,,,,,,,,,
UVA HEALTH HAYMARKET MEDICAL CENTER,490144,,Washington-Arlington-Alexandria,VA,South,47894,Mandatory,N,215,No,73,215,No,,Prospecting,Discovery,,,,"$319,200",,,,,,,,,,,,,,,,,,,,
STONESPRINGS HOSPITAL CENTER,490145,,Washington-Arlington-Alexandria,VA,South,47894,Mandatory,N,191,No,76,191,No,,Prospecting,Intro,,,,"$432,600",,,,,,,,,,,,,,,,,,,,
PEACEHEALTH SOUTHWEST MEDICAL CENTE,500050,,Portland-Vancouver-Hillsboro,WA,West,38900,Mandatory,N,269,No,66,269,Yes,,Prospecting,Discovery,,,,"$1,114,200",,,,,,,,,,,,,,,,,,,,
TRIOS,500053,,Kennewick-Richland,WA,West,28420,Mandatory,N,531,No,34,531,No,,LOI,Contract,,,,"$679,800",,,,,,,,,,,,,,,,,,,,
KADLEC REGIONAL MEDICAL CENTER,500058,,Kennewick-Richland,WA,West,28420,Mandatory,N,165,No,79,165,Yes,,Prospecting,Intro,,,,"$747,600",,,,,,,,,,,,,,,,,,,,
PROVIDENCE HOLY FAMILY HOSPITAL,500077,Providence,Spokane-Spokane Valley,WA,West,44060,Mandatory,N,456,No,43,456,Yes,,LOI,SOW Review,,,,"$703,800",,,,,,,,,,,,,,,,,,,,
LEGACY SALMON CREEK MEDICAL CENTER,500150,,Portland-Vancouver-Hillsboro,WA,West,38900,Mandatory,N,260,No,68,260,Yes,,Prospecting,Discovery,,,,"$560,400",,,,,,,,,,,,,,,,,,,,
"WEST VIRGINIA UNIVERSITY HOSPITALS, INC",510001,,Morgantown,WV,South,34060,Mandatory,N,438,No,45,438,No,,Demo,SOW Review,,,,"$1,648,800",,,,,,,,,,,,,,,,,,,,
"WEIRTON MEDICAL CENTER, INC",510023,,Weirton-Steubenville,WV,South,48260,Mandatory,N,699,No,13,699,Yes,,Active,Live,,,,"$828,600",,,,,,,,,,,,,,,,,,,,
MON HEALTH MEDICAL CENTER,510024,,Morgantown,WV,South,34060,Mandatory,N,235,No,71,235,Yes,,Prospecting,Discovery,,,,"$528,000",,,,,,,,,,,,,,,,,,,,
CAMDEN CLARK MEDICAL CENTER,510058,,Parkersburg-Vienna,WV,South,37620,Mandatory,N,508,No,37,508,Partial,,LOI,Contract,,,,"$931,800",,,,,,,,,,,,,,,,,,,,
FROEDTERT PLEASANT PRAIRIE HOSPITAL,520021,,Kenosha,WI,Midwest,29404,Mandatory,N,601,No,25,601,Partial,,Active,Live,,,,"$751,800",,,,,,,,,,,,,,,,,,,,
AURORA MEDICAL CTR MANITOWOC COUNTY,520034,,Manitowoc,WI,Midwest,99952,Mandatory,N,17,Yes,98,17,Yes,,Cold,Research,,,,"$233,400",,,,,,,,,,,,,,,,,,,,
BELLIN MEMORIAL HOSPITAL,520049,,Green Bay,WI,Midwest,24580,Mandatory,N,270,No,66,270,Partial,,Prospecting,Discovery,,,,"$589,200",,,,,,,,,,,,,,,,,,,,
SSM HEALTH ST CLARE HOSPITAL - BARABOO,520057,SSM Health,Baraboo,WI,Midwest,99952,Mandatory,N,253,No,68,253,Yes,,Prospecting,Discovery,,,,"$317,400",,,,,,,,,,,,,,,,,,,,
ST VINCENT HOSPITAL,520075,,Green Bay,WI,Midwest,24580,Mandatory,N,201,No,75,201,No,,Prospecting,Discovery,,,,"$623,400",,,,,,,,,,,,,,,,,,,,
SAUK PRAIRIE HOSPITAL,520095,,Baraboo,WI,Midwest,99952,Mandatory,N,16,Yes,98,16,Yes,,Cold,Research,,,,"$184,800",,,,,,,,,,,,,,,,,,,,
ST MARYS HOSPITAL MEDICAL CTR,520097,,Green Bay,WI,Midwest,24580,Mandatory,N,426,No,47,426,No,,Demo,SOW Review,,,,"$509,400",,,,,,,,,,,,,,,,,,,,
FROEDTERT HOLY FAMILY MEMORIAL HOSPITAL,520107,,Manitowoc,WI,Midwest,99952,Mandatory,N,299,No,63,299,Partial,,Prospecting,Discovery,,,,"$441,000",,,,,,,,,,,,,,,,,,,,
THEDACARE REGIONAL MEDICAL CENTER - APPLETON INC,520160,,Appleton,WI,Midwest,11540,Mandatory,N,140,No,83,140,Yes,,Cold,Intro,,,,"$504,600",,,,,,,,,,,,,,,,,,,,
AURORA MEDICAL CTR KENOSHA,520189,,Kenosha,WI,Midwest,29404,Mandatory,N,286,No,64,286,Partial,,Prospecting,Discovery,,,,"$479,400",,,,,,,,,,,,,,,,,,,,
AURORA BAYCARE MEDICAL CTR,520193,BayCare,Green Bay,WI,Midwest,24580,Mandatory,N,267,No,67,267,Partial,,Prospecting,Discovery,,,,"$573,000",,,,,,,,,,,,,,,,,,,,
YALE-NEW HAVEN HOSPITAL,070022,,New Haven,CT,Northeast,35300,Mandatory,N,1,Yes,100,1,No,,Cold,Research,,,,"$2,532,000",,,,,,,,,,,,,,,,,,,,
UC SAN DIEGO HEALTH HILLCREST - HILLCREST MED CTR,050025,,San Diego-Chula Vista-Carlsbad,CA,West,41740,Mandatory,N,6,Yes,99,6,No,,Cold,Research,,,,"$1,610,400",,,,,,,,,,,,,,,,,,,,
CEDARS-SINAI MEDICAL CENTER,050625,,Los Angeles-Long Beach-Anaheim,CA,West,31084,Mandatory,N,9,Yes,99,9,No,,Cold,Research,,,,"$1,754,400",,,,,,,,,,,,,,,,,,,,
UNIVERSITY OF COLORADO HOSPITAL AUTHORITY,060024,,Denver-Aurora-Centennial,CO,West,19740,Mandatory,N,10,Yes,99,10,No,,Cold,Research,,,,"$1,477,200",,,,,,,,,,,,,,,,,,,,
STANFORD HEALTH CARE,050441,Stanford Medicine,San Jose-Sunnyvale-Santa Clara,CA,West,41940,Mandatory,N,12,Yes,99,12,No,,Cold,Research,,,,"$1,389,000",,,,,,,,,,,,,,,,,,,,
SCRIPPS MEMORIAL HOSPITAL LA JOLLA,050324,,San Diego-Chula Vista-Carlsbad,CA,West,41740,Mandatory,N,26,Yes,97,26,Yes,,Cold,Research,,,,"$849,000",,,,,,,,,,,,,,,,,,,,
SEQUOIA HOSPITAL,050197,,San Francisco-Oakland-Fremont,CA,West,41884,Mandatory,N,32,Yes,96,32,Yes,,Cold,Research,,,,"$494,400",,,,,,,,,,,,,,,,,,,,
INTERMOUNTAIN HEALTH SAINT JOSEPH HOSPITAL,060028,Intermountain Health,Denver-Aurora-Centennial,CO,West,19740,Mandatory,N,34,Yes,96,34,Yes,,Cold,Research,,,,"$753,600",,,,,,,,,,,,,,,,,,,,
MILLS-PENINSULA MEDICAL CENTER,050007,,San Francisco-Oakland-Fremont,CA,West,41884,Mandatory,N,36,Yes,96,36,Yes,,Cold,Research,,,,"$553,800",,,,,,,,,,,,,,,,,,,,
ADVENTHEALTH CASTLE ROCK,060125,AdventHealth,Denver-Aurora-Centennial,CO,West,19740,Mandatory,N,41,Yes,95,41,Yes,,Cold,Research,,,,"$280,200",,,,,,,,,,,,,,,,,,,,
ADVENTHEALTH PARKER,060114,AdventHealth,Denver-Aurora-Centennial,CO,West,19740,Mandatory,N,42,Yes,95,42,Yes,,Cold,Research,,,,"$411,600",,,,,,,,,,,,,,,,,,,,
MARINHEALTH MEDICAL CENTER,050360,,San Francisco-Oakland-Fremont,CA,West,42034,Mandatory,N,49,Yes,94,49,Yes,,Cold,Research,,,,"$678,000",,,,,,,,,,,,,,,,,,,,
UCHEALTH HIGHLANDS RANCH HOSPITAL,060132,,Denver-Aurora-Centennial,CO,West,19740,Mandatory,N,50,Yes,94,50,Partial,,Cold,Research,,,,"$370,200",,,,,,,,,,,,,,,,,,,,
SUTTER SANTA ROSA REGIONAL HOSPITAL,050291,,Santa Rosa-Petaluma,CA,West,42220,Mandatory,N,54,No,93,54,Partial,,Cold,Research,,,,"$343,200",,,,,,,,,,,,,,,,,,,,
FRENCH HOSPITAL MEDICAL CENTER,050232,,San Luis Obispo-Paso Robles,CA,West,42020,Mandatory,N,55,No,93,55,Partial,,Cold,Research,,,,"$296,400",,,,,,,,,,,,,,,,,,,,
ALTA BATES SUMMIT MEDICAL CENTER,050043,,San Francisco-Oakland-Fremont,CA,West,36084,Mandatory,N,57,No,93,57,Partial,,Cold,Research,,,,"$571,800",,,,,,,,,,,,,,,,,,,,
POUDRE VALLEY HOSPITAL,060010,,Fort Collins-Loveland,CO,West,22660,Mandatory,N,60,No,93,60,Partial,,Cold,Research,,,,"$480,000",,,,,,,,,,,,,,,,,,,,
SIBLEY MEMORIAL HOSPITAL,090005,,Washington-Arlington-Alexandria,DC,Northeast,47894,Mandatory,N,61,No,92,61,Partial,,Cold,Research,,,,"$512,400",,,,,,,,,,,,,,,,,,,,
NOVATO COMMUNITY HOSPITAL,050131,,San Francisco-Oakland-Fremont,CA,West,42034,Mandatory,N,62,No,92,62,Partial,,Cold,Research,,,,"$204,600",,,,,,,,,,,,,,,,,,,,
STANFORD HEALTH CARE TRI-VALLEY,050283,Stanford Medicine,San Francisco-Oakland-Fremont,CA,West,36084,Mandatory,N,69,No,91,69,Partial,,Cold,Research,,,,"$418,800",,,,,,,,,,,,,,,,,,,,
ST ANTHONY NORTH HOSPITAL,060104,,Denver-Aurora-Centennial,CO,West,19740,Mandatory,N,73,No,91,73,No,,Cold,Research,,,,"$332,400",,,,,,,,,,,,,,,,,,,,
UCSF MEDICAL CENTER,050454,UCSF Health,San Francisco-Oakland-Fremont,CA,West,41884,Mandatory,N,76,No,91,76,Partial,,Cold,Research,,,,"$1,836,600",,,,,,,,,,,,,,,,,,,,
SCRIPPS GREEN HOSPITAL,050424,,San Diego-Chula Vista-Carlsbad,CA,West,41740,Mandatory,N,87,No,89,87,No,,Cold,Research,,,,"$390,000",,,,,,,,,,,,,,,,,,,,
KAISER FOUNDATION HOSPITAL - SOUTH SAN FRANCISCO,050070,Kaiser Permanente,San Francisco-Oakland-Fremont,CA,West,41884,Mandatory,N,91,No,89,91,No,,Cold,Research,,,,"$456,000",,,,,,,,,,,,,,,,,,,,
KAISER FOUNDATION HOSPITAL - FREMONT,050512,Kaiser Permanente,San Francisco-Oakland-Fremont,CA,West,36084,Mandatory,N,98,No,88,98,No,,Cold,Research,,,,"$420,000",,,,,,,,,,,,,,,,,,,,
KAISER FOUNDATION HOSPITAL - REDWOOD CITY,050541,Kaiser Permanente,San Francisco-Oakland-Fremont,CA,West,41884,Mandatory,N,110,No,86,110,No,,Cold,Intro,,,,"$499,200",,,,,,,,,,,,,,,,,,,,
SCRIPPS MEMORIAL HOSPITAL - ENCINITAS,050503,,San Diego-Chula Vista-Carlsbad,CA,West,41740,Mandatory,N,122,No,85,122,No,,Cold,Intro,,,,"$558,600",,,,,,,,,,,,,,,,,,,,
LOMA LINDA UNIVERSITY MEDICAL CENTER,050327,,Riverside-San Bernardino-Ontario,CA,West,40140,Mandatory,N,126,No,84,126,No,,Cold,Intro,,,,"$1,026,600",,,,,,,,,,,,,,,,,,,,
KAISER FOUNDATION HOSPITAL - ZION,050515,Kaiser Permanente,San Diego-Chula Vista-Carlsbad,CA,West,41740,Mandatory,N,129,No,84,129,No,,Cold,Intro,,,,"$1,312,800",,,,,,,,,,,,,,,,,,,,
ADVENTHEALTH PORTER,060064,AdventHealth,Denver-Aurora-Centennial,CO,West,19740,Mandatory,N,130,No,84,130,No,,Cold,Intro,,,,"$564,000",,,,,,,,,,,,,,,,,,,,
KAISER FOUNDATION HOSPITAL,050510,Kaiser Permanente,San Francisco-Oakland-Fremont,CA,West,42034,Mandatory,N,131,No,84,131,No,,Cold,Intro,,,,"$448,800",,,,,,,,,,,,,,,,,,,,
EL CAMINO HEALTH,050308,,San Jose-Sunnyvale-Santa Clara,CA,West,41940,Mandatory,N,134,No,83,134,Yes,,Cold,Intro,,,,"$960,000",,,,,,,,,,,,,,,,,,,,
EISENHOWER MEDICAL CENTER,050573,,Riverside-San Bernardino-Ontario,CA,West,40140,Mandatory,N,143,No,82,143,Yes,,Cold,Intro,,,,"$916,800",,,,,,,,,,,,,,,,,,,,
CALIFORNIA PACIFIC MEDICAL CENTER - MISSION BERNAL,050055,,San Francisco-Oakland-Fremont,CA,West,41884,Mandatory,N,149,No,81,149,Yes,,Cold,Intro,,,,"$456,000",,,,,,,,,,,,,,,,,,,,
ALTA BATES SUMMIT MEDICAL CENTER - ALTA BATES CAMP,050305,,San Francisco-Oakland-Fremont,CA,West,36084,Mandatory,N,151,No,81,151,Yes,,Prospecting,Intro,,,,"$807,000",,,,,,,,,,,,,,,,,,,,
SCRIPPS MERCY HOSPITAL,050077,Mercy,San Diego-Chula Vista-Carlsbad,CA,West,41740,Mandatory,N,152,No,81,152,Yes,,Prospecting,Intro,,,,"$1,116,600",,,,,,,,,,,,,,,,,,,,
"KAISER FOUNDATION HOSPITAL, RIVERSIDE",050686,Kaiser Permanente,Riverside-San Bernardino-Ontario,CA,West,40140,Mandatory,N,154,No,81,154,Yes,,Prospecting,Intro,,,,"$645,000",,,,,,,,,,,,,,,,,,,,
MEDICAL CENTER OF THE ROCKIES,060119,,Fort Collins-Loveland,CO,West,22660,Mandatory,N,155,No,81,155,Partial,,Prospecting,Intro,,,,"$444,000",,,,,,,,,,,,,,,,,,,,
KAISER FOUNDATION HOSPITAL-MORENO VALLEY,050765,Kaiser Permanente,Riverside-San Bernardino-Ontario,CA,West,40140,Mandatory,N,168,No,79,168,Partial,,Prospecting,Intro,,,,"$420,000",,,,,,,,,,,,,,,,,,,,
BANNER-UNIVERSITY MEDICAL CENTER SOUTH CAMPUS,030111,,Tucson,AZ,West,46060,Mandatory,N,170,No,79,170,Partial,,Prospecting,Intro,,,,"$504,600",,,,,,,,,,,,,,,,,,,,
HCA HEALTHONE ROSE,060032,HCA Healthcare,Denver-Aurora-Centennial,CO,West,19740,Mandatory,N,178,No,78,178,Partial,,Prospecting,Intro,,,,"$655,800",,,,,,,,,,,,,,,,,,,,
CONTRA COSTA REGIONAL MEDICAL CENTER,050276,,San Francisco-Oakland-Fremont,CA,West,36084,Mandatory,N,181,No,77,181,Partial,,Prospecting,Intro,,,,"$463,200",,,,,,,,,,,,,,,,,,,,
GROSSMONT HOSPITAL,050026,,San Diego-Chula Vista-Carlsbad,CA,West,41740,Mandatory,N,187,No,77,187,No,,Prospecting,Intro,,,,"$1,046,400",,,,,,,,,,,,,,,,,,,,
INTERMOUNTAIN HEALTH LUTHERAN HOSPITAL,060009,Intermountain Health,Denver-Aurora-Centennial,CO,West,19740,Mandatory,N,188,No,77,188,No,,Prospecting,Intro,,,,"$675,600",,,,,,,,,,,,,,,,,,,,
UCSF HEALTH ST. MARY'S HOSPITAL,050457,UCSF Health,San Francisco-Oakland-Fremont,CA,West,41884,Mandatory,N,192,No,76,192,No,,Prospecting,Intro,,,,"$438,000",,,,,,,,,,,,,,,,,,,,
ST ANTHONY HOSPITAL,060015,,Denver-Aurora-Centennial,CO,West,19740,Mandatory,N,203,No,75,203,No,,Prospecting,Discovery,,,,"$636,000",,,,,,,,,,,,,,,,,,,,
PROVIDENCE ST JOSEPH HOSPITAL,050006,Providence,Eureka-Arcata,CA,West,99905,Mandatory,N,208,No,74,208,No,,Prospecting,Discovery,,,,"$475,800",,,,,,,,,,,,,,,,,,,,
CHINO VALLEY MEDICAL CENTER,050586,,Riverside-San Bernardino-Ontario,CA,West,40140,Mandatory,N,210,No,74,210,No,,Prospecting,Discovery,,,,"$441,600",,,,,,,,,,,,,,,,,,,,
ADVENTHEALTH LITTLETON,060113,AdventHealth,Denver-Aurora-Centennial,CO,West,19740,Mandatory,N,212,No,74,212,No,,Prospecting,Discovery,,,,"$601,800",,,,,,,,,,,,,,,,,,,,
SAN RAMON REGIONAL MEDICAL CENTER,050689,,San Francisco-Oakland-Fremont,CA,West,36084,Mandatory,N,220,No,73,220,No,,Prospecting,Discovery,,,,"$461,400",,,,,,,,,,,,,,,,,,,,
MIDSTATE MEDICAL CENTER,070017,,New Haven,CT,Northeast,35300,Mandatory,N,223,No,72,223,No,,Prospecting,Discovery,,,,"$497,400",,,,,,,,,,,,,,,,,,,,
HCA HEALTHONE SWEDISH,060034,HCA Healthcare,Denver-Aurora-Centennial,CO,West,19740,Mandatory,N,227,No,72,227,No,,Prospecting,Discovery,,,,"$787,200",,,,,,,,,,,,,,,,,,,,
ALAMEDA HOSPITAL,050211,,San Francisco-Oakland-Fremont,CA,West,36084,Mandatory,N,233,No,71,233,Yes,,Prospecting,Discovery,,,,"$358,800",,,,,,,,,,,,,,,,,,,,
TEMECULA VALLEY HOSPITAL,050775,,Riverside-San Bernardino-Ontario,CA,West,40140,Mandatory,N,243,No,70,243,Yes,,Prospecting,Discovery,,,,"$492,000",,,,,,,,,,,,,,,,,,,,
KAISER FOUNDATION HOSPITAL FONTANA,050140,Kaiser Permanente,Riverside-San Bernardino-Ontario,CA,West,40140,Mandatory,N,245,No,69,245,No,,Prospecting,Discovery,,,,"$1,555,200",,,,,,,,,,,,,,,,,,,,
SHARP MEMORIAL HOSPITAL,050100,,San Diego-Chula Vista-Carlsbad,CA,West,41740,Mandatory,N,246,No,69,246,Yes,,Prospecting,Discovery,,,,"$1,581,000",,,,,,,,,,,,,,,,,,,,
KAISER FOUNDATION HOSPITAL - SAN FRANCISCO,050076,Kaiser Permanente,San Francisco-Oakland-Fremont,CA,West,41884,Mandatory,N,248,No,69,248,Yes,,Prospecting,Discovery,,,,"$670,200",,,,,,,,,,,,,,,,,,,,
EDEN MEDICAL CENTER,050488,,San Francisco-Oakland-Fremont,CA,West,36084,Mandatory,N,250,No,69,250,Yes,,Prospecting,Discovery,,,,"$466,800",,,,,,,,,,,,,,,,,,,,
SHARP CORONADO HOSPITAL AND HLTHCR CTR,050234,,San Diego-Chula Vista-Carlsbad,CA,West,41740,Mandatory,N,257,No,68,257,Yes,,Prospecting,Discovery,,,,"$346,200",,,,,,,,,,,,,,,,,,,,
PALOMAR MEDICAL CENTER POWAY,050636,,San Diego-Chula Vista-Carlsbad,CA,West,41740,Mandatory,N,261,No,67,261,Yes,,Prospecting,Discovery,,,,"$454,200",,,,,,,,,,,,,,,,,,,,
SHARP CHULA VISTA MEDICAL CENTER,050222,,San Diego-Chula Vista-Carlsbad,CA,West,41740,Mandatory,N,265,No,67,265,Yes,,Prospecting,Discovery,,,,"$868,200",,,,,,,,,,,,,,,,,,,,
KAISER FOUNDATION HOSPITAL - SAN MARCOS,050855,Kaiser Permanente,San Diego-Chula Vista-Carlsbad,CA,West,,Mandatory,N,266,No,67,266,Yes,,Prospecting,Discovery,,,,"$600,000",,,,,,,,,,,,,,,,,,,,
MEDSTAR WASHINGTON HOSPITAL CENTER,090011,,Washington-Arlington-Alexandria,DC,Northeast,47894,Mandatory,N,272,No,66,272,Yes,,Prospecting,Discovery,,,,"$1,654,200",,,,,,,,,,,,,,,,,,,,
JOHN MUIR MEDICAL CENTER - CONCORD CAMPUS,050496,,San Francisco-Oakland-Fremont,CA,West,36084,Mandatory,N,279,No,65,279,Partial,,Prospecting,Discovery,,,,"$679,200",,,,,,,,,,,,,,,,,,,,
DENVER HEALTH MEDICAL CENTER,060011,,Denver-Aurora-Centennial,CO,West,19740,Mandatory,N,281,No,65,281,Yes,,Prospecting,Discovery,,,,"$1,054,800",,,,,,,,,,,,,,,,,,,,
LOMA LINDA UNIVERSITY CHILDREN'S HOSPITAL,050778,,Riverside-San Bernardino-Ontario,CA,West,40140,Mandatory,N,282,No,65,282,Yes,,Prospecting,Discovery,,,,"$1,015,200",,,,,,,,,,,,,,,,,,,,
KAISER FOUNDATION HOSPITAL - WALNUT CREEK,050072,Kaiser Permanente,San Francisco-Oakland-Fremont,CA,West,36084,Mandatory,N,283,No,65,283,Yes,,Prospecting,Discovery,,,,"$808,200",,,,,,,,,,,,,,,,,,,,
HCA HEALTHONE AURORA,060100,HCA Healthcare,Denver-Aurora-Centennial,CO,West,19740,Mandatory,N,290,No,64,290,No,,Prospecting,Discovery,,,,"$826,800",,,,,,,,,,,,,,,,,,,,
KAISER FOUNDATION HOSPITAL-SANTA ROSA,050690,Kaiser Permanente,Santa Rosa-Petaluma,CA,West,42220,Mandatory,N,291,No,64,291,Partial,,Prospecting,Discovery,,,,"$669,600",,,,,,,,,,,,,,,,,,,,
BANNER - UNIVERSITY MEDICAL CENTER TUCSON CAMPUS,030064,Banner Health,Tucson,AZ,West,46060,Mandatory,N,292,No,64,292,Partial,,Prospecting,Discovery,,,,"$1,366,200",,,,,,,,,,,,,,,,,,,,
CALIFORNIA PACIFIC MEDICAL CENTER- VAN NESS CAMPUS,050047,,San Francisco-Oakland-Fremont,CA,West,41884,Mandatory,N,300,No,63,300,Partial,,Demo,Pilot,,,,"$853,200",,,,,,,,,,,,,,,,,,,,
ST ELIZABETH HOSPITAL,060044,,Fort Morgan,CO,West,99906,Mandatory,N,302,No,62,302,No,,Demo,Pilot,,,,"$299,400",,,,,,,,,,,,,,,,,,,,
MEDSTAR GEORGETOWN UNIVERSITY HOSPITAL,090004,,Washington-Arlington-Alexandria,DC,Northeast,47894,Mandatory,N,311,No,61,311,No,,Demo,Pilot,,,,"$1,175,400",,,,,,,,,,,,,,,,,,,,
PETALUMA VALLEY HOSPITAL,050136,,Santa Rosa-Petaluma,CA,West,42220,Mandatory,N,317,No,60,317,No,,Demo,Pilot,,,,"$346,200",,,,,,,,,,,,,,,,,,,,
DESERT VALLEY HOSPITAL,050709,,Riverside-San Bernardino-Ontario,CA,West,40140,Mandatory,N,323,No,60,323,No,,Demo,Pilot,,,,"$608,400",,,,,,,,,,,,,,,,,,,,
RIVERSIDE UNIVERSITY HEALTH SYSTEM-MEDICAL CENTER,050292,,Riverside-San Bernardino-Ontario,CA,West,40140,Mandatory,N,336,No,58,336,No,,Demo,Pilot,,,,"$1,121,400",,,,,,,,,,,,,,,,,,,,
ST JOSEPH'S HOSPITAL,030011,,Tucson,AZ,West,46060,Mandatory,N,338,No,58,338,No,,Demo,Pilot,,,,"$1,170,000",,,,,,,,,,,,,,,,,,,,
NORTHWEST MEDICAL CENTER SAHUARITA,030148,,Tucson,AZ,West,46060,Mandatory,N,340,No,58,340,No,,Demo,Pilot,,,,"$471,600",,,,,,,,,,,,,,,,,,,,
ADVENTIST HEALTH HANFORD,050121,Adventist Health,Hanford-Corcoran,CA,West,25260,Mandatory,N,344,No,57,344,No,,Demo,Pilot,,,,"$783,000",,,,,,,,,,,,,,,,,,,,
BAKERSFIELD MEMORIAL HOSPITAL,050036,,Bakersfield-Delano,CA,West,12540,Mandatory,N,347,No,57,347,No,,Demo,Pilot,,,,"$1,053,000",,,,,,,,,,,,,,,,,,,,
SUTTER DELTA MEDICAL CENTER,050523,,San Francisco-Oakland-Fremont,CA,West,36084,Mandatory,N,358,No,55,358,Yes,,Demo,Pilot,,,,"$574,200",,,,,,,,,,,,,,,,,,,,
SAN ANTONIO REGIONAL HOSPITAL,050099,,Riverside-San Bernardino-Ontario,CA,West,40140,Mandatory,N,362,No,55,362,Yes,,Demo,Pilot,,,,"$1,013,400",,,,,,,,,,,,,,,,,,,,
SOUTHWEST HEALTHCARE RANCHO SPRINGS HOSPITAL,050701,,Riverside-San Bernardino-Ontario,CA,West,40140,Mandatory,N,365,No,54,365,Yes,,Demo,Pilot,,,,"$792,000",,,,,,,,,,,,,,,,,,,,
ADVENTIST HEALTH SIERRA VISTA,050506,Adventist Health,San Luis Obispo-Paso Robles,CA,West,42020,Mandatory,N,371,No,54,371,Yes,,Demo,Pilot,,,,"$651,600",,,,,,,,,,,,,,,,,,,,
MERCY HOSPITAL,050295,Mercy,Bakersfield-Delano,CA,West,12540,Mandatory,N,373,No,53,373,Yes,,Demo,Pilot,,,,"$772,200",,,,,,,,,,,,,,,,,,,,
CRESTWOOD MEDICAL CENTER,010131,,Huntsville,AL,South,26620,Mandatory,N,376,No,53,376,Yes,,Demo,Pilot,,,,"$646,200",,,,,,,,,,,,,,,,,,,,
HCA HEALTHONE SKY RIDGE,060112,HCA Healthcare,Denver-Aurora-Centennial,CO,West,19740,Mandatory,N,381,No,52,381,Yes,,Demo,Pilot,,,,"$851,400",,,,,,,,,,,,,,,,,,,,
RUSSELL MEDICAL CENTER,010065,,Alexander City,AL,South,99901,Mandatory,N,385,No,52,385,Partial,,Demo,Pilot,,,,"$441,000",,,,,,,,,,,,,,,,,,,,
ORO VALLEY HOSPITAL,030114,,Tucson,AZ,West,46060,Mandatory,N,388,No,52,388,Partial,,Demo,Pilot,,,,"$500,400",,,,,,,,,,,,,,,,,,,,
PARADISE VALLEY HOSPITAL,050024,,San Diego-Chula Vista-Carlsbad,CA,West,41740,Mandatory,N,395,No,51,395,Partial,,Demo,Pilot,,,,"$774,000",,,,,,,,,,,,,,,,,,,,
CORONA REGIONAL MEDICAL CENTER,050329,,Riverside-San Bernardino-Ontario,CA,West,40140,Mandatory,N,404,No,50,404,No,,Demo,SOW Review,,,,"$648,000",,,,,,,,,,,,,,,,,,,,
HCA HEALTHONE MOUNTAIN RIDGE,060065,HCA Healthcare,Denver-Aurora-Centennial,CO,West,19740,Mandatory,N,405,No,49,405,No,,Demo,SOW Review,,,,"$610,200",,,,,,,,,,,,,,,,,,,,
PROVIDENCE SANTA ROSA MEMORIAL HOSPITAL,050174,Providence,Santa Rosa-Petaluma,CA,West,42220,Mandatory,N,407,No,49,407,No,,Demo,SOW Review,,,,"$819,000",,,,,,,,,,,,,,,,,,,,
UCSF HEALTH SAINT FRANCIS HOSPITAL,050152,UCSF Health,San Francisco-Oakland-Fremont,CA,West,41884,Mandatory,N,408,No,49,408,No,,Demo,SOW Review,,,,"$790,200",,,,,,,,,,,,,,,,,,,,
HUNTSVILLE HOSPITAL,010039,,Huntsville,AL,South,26620,Mandatory,N,417,No,48,417,No,,Demo,SOW Review,,,,"$1,987,200",,,,,,,,,,,,,,,,,,,,
CHI ST VINCENT HOSPITAL HOT SPRINGS,040026,,Hot Springs,AR,South,26300,Mandatory,N,423,No,47,423,No,,Demo,SOW Review,,,,"$730,800",,,,,,,,,,,,,,,,,,,,
PALOMAR HEALTH DOWNTOWN CAMPUS,050115,,San Diego-Chula Vista-Carlsbad,CA,West,41740,Mandatory,N,424,No,47,424,No,,Demo,SOW Review,,,,"$885,600",,,,,,,,,,,,,,,,,,,,
COMMUNITY HOSPITAL OF SAN BERNARDINO,050089,,Riverside-San Bernardino-Ontario,CA,West,40140,Mandatory,N,430,No,46,430,No,,Demo,SOW Review,,,,"$693,000",,,,,,,,,,,,,,,,,,,,
INTERMOUNTAIN HEALTH PLATTE VALLEY HOSPITAL,060004,Intermountain Health,Denver-Aurora-Centennial,CO,West,19740,Mandatory,N,433,No,46,433,No,,Demo,SOW Review,,,,"$520,200",,,,,,,,,,,,,,,,,,,,
MONTCLAIR HOSPITAL MEDICAL CENTER,050758,,Riverside-San Bernardino-Ontario,CA,West,40140,Mandatory,N,436,No,46,436,No,,Demo,SOW Review,,,,"$550,800",,,,,,,,,,,,,,,,,,,,
"DOCTORS HOSPITAL OF RIVERSIDE, LLC",050102,,Riverside-San Bernardino-Ontario,CA,West,40140,Mandatory,N,440,No,45,440,No,,Demo,SOW Review,,,,"$707,400",,,,,,,,,,,,,,,,,,,,
KAISER FOUNDATION HOSPITAL-SAN JOSE,050604,Kaiser Permanente,San Jose-Sunnyvale-Santa Clara,CA,West,41940,Mandatory,N,443,No,45,443,No,,Demo,SOW Review,,,,"$757,800",,,,,,,,,,,,,,,,,,,,
KAISER FOUNDATION HOSPITAL - OAKLAND/RICHMOND,050075,Kaiser Permanente,San Francisco-Oakland-Fremont,CA,West,36084,Mandatory,N,466,No,42,466,Yes,,LOI,SOW Review,,,,"$1,137,000",,,,,,,,,,,,,,,,,,,,
ADVENTIST HEALTH DELANO,050608,Adventist Health,Bakersfield-Delano,CA,West,12540,Mandatory,N,475,No,41,475,Yes,,LOI,SOW Review,,,,"$669,000",,,,,,,,,,,,,,,,,,,,
WHITE RIVER MEDICAL CENTER,040119,,Batesville,AR,South,99904,Mandatory,N,480,No,40,480,Yes,,LOI,SOW Review,,,,"$666,000",,,,,,,,,,,,,,,,,,,,
WASHINGTON HOSPITAL,050195,,San Francisco-Oakland-Fremont,CA,West,36084,Mandatory,N,481,No,40,481,Yes,,LOI,SOW Review,,,,"$1,173,000",,,,,,,,,,,,,,,,,,,,
HI-DESERT MEDICAL CENTER,050279,,Riverside-San Bernardino-Ontario,CA,West,40140,Mandatory,N,492,No,39,492,Yes,,LOI,SOW Review,,,,"$579,000",,,,,,,,,,,,,,,,,,,,
GEORGE WASHINGTON UNIV HOSPITAL,090001,,Washington-Arlington-Alexandria,DC,Northeast,47894,Mandatory,N,493,No,38,493,Yes,,LOI,SOW Review,,,,"$1,090,200",,,,,,,,,,,,,,,,,,,,
CALIFORNIA PACIFIC MEDICAL CTR-DAVIES CAMPUS HOSP,050008,,San Francisco-Oakland-Fremont,CA,West,41884,Mandatory,N,494,No,38,494,Partial,,LOI,SOW Review,,,,"$549,000",,,,,,,,,,,,,,,,,,,,
HCA HEALTHONE PRESBYTERIAN ST LUKE'S,060014,HCA Healthcare,Denver-Aurora-Centennial,CO,West,19740,Mandatory,N,495,No,38,495,Yes,,LOI,SOW Review,,,,"$1,039,800",,,,,,,,,,,,,,,,,,,,
ST. MARY'S HOSPITAL,030010,,Tucson,AZ,West,46060,Mandatory,N,501,No,37,501,Partial,,LOI,Contract,,,,"$1,122,600",,,,,,,,,,,,,,,,,,,,
RIVERSIDE COMMUNITY HOSPITAL,050022,,Riverside-San Bernardino-Ontario,CA,West,40140,Mandatory,N,505,No,37,505,Partial,,LOI,Contract,,,,"$1,410,600",,,,,,,,,,,,,,,,,,,,
SUTTER COAST HOSPITAL,050417,,Crescent City,CA,West,99905,Mandatory,N,506,No,37,506,Partial,,LOI,Contract,,,,"$550,200",,,,,,,,,,,,,,,,,,,,
ARROWHEAD REGIONAL MEDICAL CENTER,050245,,Riverside-San Bernardino-Ontario,CA,West,40140,Mandatory,N,507,No,37,507,Partial,,LOI,Contract,,,,"$1,138,800",,,,,,,,,,,,,,,,,,,,
GOOD SAMARITAN HOSPITAL,050380,,San Jose-Sunnyvale-Santa Clara,CA,West,41940,Mandatory,N,512,No,36,512,Partial,,LOI,Contract,,,,"$1,063,200",,,,,,,,,,,,,,,,,,,,
JOHN F KENNEDY MEMORIAL HOSPITAL,050534,,Riverside-San Bernardino-Ontario,CA,West,40140,Mandatory,N,513,No,36,513,Partial,,LOI,Contract,,,,"$714,000",,,,,,,,,,,,,,,,,,,,
KAISER FOUNDATION HOSPITAL - SAN LEANDRO,050777,Kaiser Permanente,San Francisco-Oakland-Fremont,CA,West,36084,Mandatory,N,515,No,36,515,Partial,,LOI,Contract,,,,"$868,800",,,,,,,,,,,,,,,,,,,,
SAN GORGONIO MEMORIAL HOSPITAL,050054,,Riverside-San Bernardino-Ontario,CA,West,40140,Mandatory,N,518,No,35,518,No,,LOI,Contract,,,,"$502,200",,,,,,,,,,,,,,,,,,,,
NORTHWEST MEDICAL CENTER,030085,,Tucson,AZ,West,46060,Mandatory,N,520,No,35,520,Partial,,LOI,Contract,,,,"$933,600",,,,,,,,,,,,,,,,,,,,
ST BERNARDINE MEDICAL CENTER,050129,,Riverside-San Bernardino-Ontario,CA,West,40140,Mandatory,N,522,No,35,522,No,,LOI,Contract,,,,"$1,052,400",,,,,,,,,,,,,,,,,,,,
DESERT REGIONAL MEDICAL CENTER,050243,,Riverside-San Bernardino-Ontario,CA,West,40140,Mandatory,N,530,No,34,530,No,,LOI,Contract,,,,"$1,066,800",,,,,,,,,,,,,,,,,,,,
ATHENS LIMESTONE HOSPITAL,010079,,Huntsville,AL,South,26620,Mandatory,N,548,No,32,548,No,,LOI,Contract,,,,"$598,800",,,,,,,,,,,,,,,,,,,,
ADVENTIST HEALTH BAKERSFIELD,050455,Adventist Health,Bakersfield-Delano,CA,West,12540,Mandatory,N,549,No,31,549,No,,LOI,Contract,,,,"$937,200",,,,,,,,,,,,,,,,,,,,
UNITY HEALTH WHITE COUNTY MEDICAL CENTER,040014,,Searcy,AR,South,99904,Mandatory,N,551,No,31,551,No,,LOI,Contract,,,,"$802,200",,,,,,,,,,,,,,,,,,,,
LOMA LINDA UNIVERSITY MEDICAL CENTER-MURRIETA,050770,,Riverside-San Bernardino-Ontario,CA,West,40140,Mandatory,N,554,No,31,554,No,,LOI,Contract,,,,"$679,800",,,,,,,,,,,,,,,,,,,,
SANTA CLARA VALLEY MEDICAL CENTER,050038,,San Jose-Sunnyvale-Santa Clara,CA,West,41940,Mandatory,N,561,No,30,561,No,,LOI,Contract,,,,"$2,033,400",,,,,,,,,,,,,,,,,,,,
ZUCKERBERG SAN FRANCISCO GENERAL HOSP & TRAUMA CTR,050228,,San Francisco-Oakland-Fremont,CA,West,41884,Mandatory,N,569,No,29,569,Yes,,LOI,Contract,,,,"$991,200",,,,,,,,,,,,,,,,,,,,
NATIONAL PARK MEDICAL CENTER,040078,,Hot Springs,AR,South,26300,Mandatory,N,572,No,29,572,Yes,,LOI,Contract,,,,"$706,800",,,,,,,,,,,,,,,,,,,,
KAISER FOUNDATION HOSPITAL-SANTA CLARA,050071,Kaiser Permanente,San Jose-Sunnyvale-Santa Clara,CA,West,41940,Mandatory,N,589,No,26,589,Yes,,LOI,Contract,,,,"$1,119,000",,,,,,,,,,,,,,,,,,,,
CHINESE HOSPITAL,050407,,San Francisco-Oakland-Fremont,CA,West,41884,Mandatory,N,591,No,26,591,Yes,,LOI,Contract,,,,"$611,400",,,,,,,,,,,,,,,,,,,,
TUCSON MEDICAL CENTER,030006,,Tucson,AZ,West,46060,Mandatory,N,592,No,26,592,Yes,,LOI,Contract,,,,"$1,331,400",,,,,,,,,,,,,,,,,,,,
JOHN MUIR MEDICAL CENTER - WALNUT CREEK CAMPUS,050180,,San Francisco-Oakland-Fremont,CA,West,36084,Mandatory,N,593,No,26,593,Yes,,LOI,Contract,,,,"$1,138,800",,,,,,,,,,,,,,,,,,,,
ADVENTIST HEALTH TWIN CITIES,050633,Adventist Health,San Luis Obispo-Paso Robles,CA,West,42020,Mandatory,N,599,No,25,599,Yes,,LOI,Contract,,,,"$699,600",,,,,,,,,,,,,,,,,,,,
PROVIDENCE ST MARY MEDICAL CENTER,050300,Providence,Riverside-San Bernardino-Ontario,CA,West,40140,Mandatory,N,603,No,25,603,Partial,,Active,Live,,,,"$865,200",,,,,,,,,,,,,,,,,,,,
REDLANDS COMMUNITY HOSPITAL,050272,,Riverside-San Bernardino-Ontario,CA,West,40140,Mandatory,N,611,No,24,611,Partial,,Active,Live,,,,"$832,800",,,,,,,,,,,,,,,,,,,,
SONOMA VALLEY HOSPITAL,050090,,Santa Rosa-Petaluma,CA,West,42220,Mandatory,N,612,No,24,612,Partial,,Active,Live,,,,"$523,200",,,,,,,,,,,,,,,,,,,,
NORTH ARKANSAS REGIONAL MEDICAL CENTER,040017,,Harrison,AR,South,99904,Mandatory,N,613,No,23,613,Partial,,Active,Live,,,,"$696,000",,,,,,,,,,,,,,,,,,,,
MAD RIVER COMMUNITY HOSPITAL,050028,,Eureka-Arcata,CA,West,99905,Mandatory,N,615,No,23,615,Yes,,Active,Live,,,,"$688,200",,,,,,,,,,,,,,,,,,,,
OUACHITA COUNTY MEDICAL CENTER,040050,,Camden,AR,South,99904,Mandatory,N,622,No,22,622,No,,Active,Live,,,,"$627,600",,,,,,,,,,,,,,,,,,,,
KAISER FOUNDATION HOSPITAL - ANTIOCH,050760,Kaiser Permanente,San Francisco-Oakland-Fremont,CA,West,36084,Mandatory,N,624,No,22,624,Partial,,Active,Live,,,,"$859,200",,,,,,,,,,,,,,,,,,,,
KERN MEDICAL CENTER,050315,,Bakersfield-Delano,CA,West,12540,Mandatory,N,625,No,22,625,Partial,,Active,Live,,,,"$999,600",,,,,,,,,,,,,,,,,,,,
LAGUNA HONDA HOSPITAL & REHABILITATION CENTER,050668,,San Francisco-Oakland-Fremont,CA,West,41884,Mandatory,N,627,No,22,627,No,,Active,Live,,,,"$370,800",,,,,,,,,,,,,,,,,,,,
AHMC SETON MEDICAL CENTER,050289,,San Francisco-Oakland-Fremont,CA,West,41884,Mandatory,N,628,No,22,628,Partial,,Active,Live,,,,"$938,400",,,,,,,,,,,,,,,,,,,,
TRI-CITY MEDICAL CENTER,050128,,San Diego-Chula Vista-Carlsbad,CA,West,41740,Mandatory,N,633,No,21,633,Partial,,Active,Live,,,,"$1,073,400",,,,,,,,,,,,,,,,,,,,
HEMET GLOBAL MEDICAL CENTER,050390,,Riverside-San Bernardino-Ontario,CA,West,40140,Mandatory,N,637,No,20,637,Partial,,Active,Live,,,,"$1,014,000",,,,,,,,,,,,,,,,,,,,
ST ANTHONY SUMMIT HOSPITAL,060118,,Breckenridge,CO,West,99906,Mandatory,N,645,No,19,645,No,,Active,Live,,,,"$421,200",,,,,,,,,,,,,,,,,,,,
LAKE MARTIN COMMUNITY HOSPITAL,010052,,Alexander City,AL,South,99901,Mandatory,N,648,No,19,648,No,,Active,Live,,,,"$442,800",,,,,,,,,,,,,,,,,,,,
UCHEALTH YAMPA VALLEY MEDICAL CENTER,060049,,Steamboat Springs,CO,West,99906,Mandatory,N,651,No,19,651,Yes,,Active,Live,,,,"$421,200",,,,,,,,,,,,,,,,,,,,
VICTOR VALLEY GLOBAL MEDICAL CENTER,050517,,Riverside-San Bernardino-Ontario,CA,West,40140,Mandatory,N,654,No,18,654,No,,Active,Live,,,,"$781,800",,,,,,,,,,,,,,,,,,,,
HOWARD UNIVERSITY HOSPITAL CORP,090003,,Washington-Arlington-Alexandria,DC,Northeast,47894,Mandatory,N,655,No,18,655,No,,Active,Live,,,,"$1,021,200",,,,,,,,,,,,,,,,,,,,
BANNER FORT COLLINS MEDICAL CENTER,060126,Banner Health,Fort Collins-Loveland,CO,West,22660,Mandatory,N,656,No,18,656,Yes,,Active,Live,,,,"$412,200",,,,,,,,,,,,,,,,,,,,
SAN MATEO MEDICAL CENTER,050113,,San Francisco-Oakland-Fremont,CA,West,41884,Mandatory,N,661,No,17,661,Yes,,Active,Live,,,,"$484,200",,,,,,,,,,,,,,,,,,,,
ORTHOCOLORADO HOSP AT ST ANTHONY MED CAMPUS,060124,,Denver-Aurora-Centennial,CO,West,19740,Mandatory,N,662,No,17,662,Yes,,Active,Live,,,,"$446,400",,,,,,,,,,,,,,,,,,,,
UCHEALTH BROOMFIELD HOSPITAL,060129,,Denver-Aurora-Centennial,CO,West,19740,Mandatory,N,663,No,17,663,Yes,,Active,Live,,,,"$396,000",,,,,,,,,,,,,,,,,,,,
HIGHLAND HOSPITAL,050320,,San Francisco-Oakland-Fremont,CA,West,36084,Mandatory,N,665,No,17,665,No,,Active,Live,,,,"$1,017,600",,,,,,,,,,,,,,,,,,,,
"BAPTIST MEMORIAL HOSPITAL-CRITTENDEN, INC",040156,,Memphis,AR,South,32820,Mandatory,N,675,No,16,675,Yes,,Active,Live,,,,"$379,800",,,,,,,,,,,,,,,,,,,,
NATIONAL JEWISH HEALTH,060107,,Denver-Aurora-Centennial,CO,West,19740,Mandatory,N,688,No,14,688,Partial,,Active,Live,,,,"$383,400",,,,,,,,,,,,,,,,,,,,
"CONNECTICUT HOSPICE INC,THE",070038,,New Haven,CT,Northeast,35300,Mandatory,N,690,No,14,690,Partial,,Active,Live,,,,"$365,400",,,,,,,,,,,,,,,,,,,,
BARSTOW COMMUNITY HOSPITAL,050298,,Riverside-San Bernardino-Ontario,CA,West,40140,Mandatory,N,702,No,12,702,Yes,,Active,Live,,,,"$654,000",,,,,,,,,,,,,,,,,,,,
ST ROSE HOSPITAL,050002,,San Francisco-Oakland-Fremont,CA,West,36084,Mandatory,N,704,No,12,704,Yes,,Active,Live,,,,"$875,400",,,,,,,,,,,,,,,,,,,,
"GOOD SAMARITAN HOSPITAL, LP",050257,,Bakersfield-Delano,CA,West,12540,Mandatory,N,709,No,11,709,No,,Active,Live,,,,"$437,400",,,,,,,,,,,,,,,,,,,,
MENIFEE GLOBAL MEDICAL CENTER,050684,,Riverside-San Bernardino-Ontario,CA,West,40140,Mandatory,N,713,No,11,713,No,,Active,Live,,,,"$511,200",,,,,,,,,,,,,,,,,,,,
